lake_id,Latitude,Longitude,Basin,Sub_basin,area_km2,Altitude,Type,near_burst,log_area_km2,altitude,dist_glacier_km,glacier_area_km2,glacier_area_5km_km2,type_e_c_,type_e_o_,type_i_s_,type_m_e_,type_m_l_,type_m_o_,type_o,slope_mean,slope_max,label
HKH-01533,30.393,81.963,Mansarover,Mansarover,0.147,5674,M(e),False,0.13714983814723364,5674.0,4.163249457373799,7.426940083993901,8.783009468199593,0,0,0,1,0,0,0,11.887762810900211,37.21437229651229,0
HKH-01575,30.455,81.698,Mansarover,Mansarover,0.024,5185,E(o),False,0.023716526617316044,5185.0,17.910708715959476,0.1683352425477707,0.0,0,1,0,0,0,0,0,8.101253503355155,36.37534713745117,0
HKH-01577,31.084,81.425,Mansarover,Mansarover,0.024,5639,E(o),False,0.023716526617316044,5639.0,53.86397543899441,3.9989753387769484,0.0,0,1,0,0,0,0,0,8.607572231505404,22.71708106994629,0
HKH-01674,30.391,81.814,Mansarover,Mansarover,0.005,5589,M(o),False,0.004987541511039074,5589.0,4.508243297985498,0.27264268851057555,0.27264268851057555,0,0,0,0,0,1,0,10.151671977229043,35.63935089111328,0
HKH-06095,31.298,78.795,Panjnad,Sutlej,0.017,5462,E(o),False,0.0168571170664229,5462.0,3.069022332803404,3.434817242173292,4.193456192034284,0,1,0,0,0,0,0,19.854268172980223,48.17887878417969,0
HKH-06434,31.035,79.618,Panjnad,Sutlej,0.01,5339,M(e),False,0.009950330853168083,5339.0,7.520521343595567,52.67676859234243,0.0,0,0,0,1,0,0,0,11.034621799452177,38.243988037109375,0
HKH-06700,31.262,80.807,Panjnad,Sutlej,0.015,5558,E(o),False,0.014888612493750654,5558.0,69.01139446005517,0.11369678065882595,0.0,0,1,0,0,0,0,0,20.598918075531348,55.31084442138672,0
HKH-07212,31.256,81.146,Upper Indus,Upper Indus,0.026,5425,E(o),False,0.02566774674857779,5425.0,70.50514221732682,1.3536703577425997,0.0,0,1,0,0,0,0,0,10.715056820871519,44.917381286621094,0
HKH-07221,31.321,81.335,Upper Indus,Upper Indus,0.062,5601,M(o),False,0.06015392281974709,5601.0,73.74338507109753,7.347973117001264,0.0,0,0,0,0,0,1,0,18.529868334284938,47.70158004760742,0
HKH-07225,31.273,81.437,Upper Indus,Upper Indus,0.046,5648,M(o),False,0.044973365642731154,5648.0,70.62594608873626,3.9989753387769484,0.0,0,0,0,0,0,1,0,8.1268488562929,25.54294776916504,0
HKH-07250,31.208,81.18,Upper Indus,Upper Indus,0.012,5574,E(o),False,0.011928570865273802,5574.0,65.47856369175955,1.3536703577425997,0.0,0,1,0,0,0,0,0,16.194546627102877,48.772090911865234,0
HKH-07372,28.453,90.621,Yarlung Zangbo,Langkamu,0.254,5272,M(e),True,0.22633844221072896,5272.0,13.664396584685392,11.345157009583618,0.0,0,0,0,1,0,0,0,22.040528045017027,50.258270263671875,1
HKH-07379,28.274,90.59,Manas,Kurichu,0.404,5410,M(e),True,0.3393253056036194,5410.0,0.6078211724425412,9.98111065936768,50.19930625535777,0,0,0,1,0,0,0,10.986555517133528,41.5402717590332,1
HKH-07395,27.939,88.272,Tista,Zemu,0.011,5152,M(o),True,0.010939940038334364,5152.0,0.9005358593039573,0.13277276510908234,21.368258579610234,0,0,0,0,0,1,0,16.327572558699366,44.388275146484375,1
HKH-07401,27.72,90.702,Manas,Chamkharchu,0.005,4106,E(o),False,0.004987541511039074,4106.0,17.363056345617004,0.5604242509120723,0.0,0,1,0,0,0,0,0,18.613684640839352,46.64286804199219,0
HKH-07417,27.809,89.23,Amochu,Amochu,0.577,5119,M(e),True,0.45552430798090127,5119.0,0.7966285328752728,0.1425356013860022,11.710964783835871,0,0,0,1,0,0,0,13.43906500459377,36.699928283691406,1
HKH-07421,27.853,89.268,Yarlung Zangbo,Nianchu,0.606,5194,M(e),True,0.4737466155245699,5194.0,0.5958389811994294,3.45085088080993,25.35930916320954,0,0,0,1,0,0,0,14.755558164398263,51.06429672241211,1
HKH-07424,28.027,88.71,Tista,Zemu,1.124,5148,M(e),False,0.7533011033796925,5148.0,2.673860854642331,1.4066243734989126,11.198220262574438,0,0,0,1,0,0,0,0.26005320507113117,13.438682556152344,0
HKH-07425,27.666,88.495,Tista,Talung,0.022,4077,E(o),False,0.02176149178151269,4077.0,4.381600363338856,0.16886807260685907,1.5031363782893665,0,1,0,0,0,0,0,25.18245968943683,58.23992156982422,0
HKH-07441,28.299,90.607,Manas,Kurichu,0.125,5347,M(e),True,0.11778303565638346,5347.0,0.5771454244059915,11.546656237023,30.782860638855254,0,0,0,1,0,0,0,18.95004535004611,64.16860961914062,1
HKH-07446,27.881,88.25,Tista,Zemu,0.143,5199,M(e),False,0.13365638481267358,5199.0,0.38180325072968296,0.8235886057560445,25.21888883400237,0,0,0,1,0,0,0,10.018591347320365,30.54561424255371,0
HKH-07448,27.556,88.121,Tista,East Rathong,0.015,4615,M(o),True,0.014888612493750654,4615.0,0.0,9.07158177262121,55.65974120902148,0,0,0,0,0,1,0,13.15778714278753,43.04051208496094,-1
HKH-07449,27.987,88.484,Tista,Zemu,0.008,5057,E(o),False,0.007968169649176874,5057.0,1.3422586186901178,0.12621433260074785,7.484713798355235,0,1,0,0,0,0,0,12.771177915062857,35.25629425048828,0
HKH-07481,28.002,88.639,Tista,Zemu,0.358,5421,M(e),False,0.30601302913650436,5421.0,0.801986248840931,0.7529038148278833,20.26355486361551,0,0,0,1,0,0,0,7.526859541604899,57.02658462524414,0
HKH-07509,27.877,90.281,Manas,Mangdechu,0.154,5034,M(e),False,0.1432341680859078,5034.0,2.3494969157583814,4.139326985224505,22.426827464059798,0,0,0,1,0,0,0,5.085294155811046,33.16571044921875,0
HKH-07512,28.06,90.603,Manas,Kurichu,0.305,4861,M(e),True,0.26620304077465673,4861.0,0.7467923739566842,13.880655566882435,45.041195179967445,0,0,0,1,0,0,0,13.32154042580712,46.25711441040039,1
HKH-07522,28.006,88.713,Tista,Zemu,1.192,5232,M(e),False,0.7848143690857691,5232.0,0.7237001933049307,1.4066243734989126,17.734233216293767,0,0,0,1,0,0,0,2.4727340625898973,11.544570922851562,0
HKH-07539,27.969,88.761,Tista,Changme,0.012,5410,E(o),False,0.011928570865273802,5410.0,1.7761653146196492,0.40313695199924154,7.168529998664415,0,1,0,0,0,0,0,19.338130275093775,60.64387512207031,0
HKH-07540,27.864,88.803,Tista,Changme,0.027,5076,E(o),False,0.02664193094642118,5076.0,0.6308849043853465,0.1059870497664716,45.52358169991623,0,1,0,0,0,0,0,13.905665212509632,44.59947204589844,0
HKH-07544,27.427,88.759,Tista,Tista,0.005,4050,E(o),False,0.004987541511039074,4050.0,6.715149555709398,0.2635437284543572,0.0,0,1,0,0,0,0,0,19.02930571570221,58.82380676269531,0
HKH-07556,27.991,88.815,Tista,Zemu,1.694,5303,M(e),False,0.9910270779881722,5303.0,0.5308822073826716,0.21022286070600013,29.3419592181726,0,0,0,1,0,0,0,0.8090097488126227,25.608699798583984,0
HKH-07559,28.241,90.506,Manas,Kurichu,0.228,5467,M(e),True,0.20538682972495073,5467.0,0.6024733039555664,5.898719692188074,56.82827675634335,0,0,0,1,0,0,0,17.896473059038065,48.74275207519531,1
HKH-07565,27.836,89.37,Punatsangchu,Mochu,0.037,4425,M(e),True,0.036331929247390274,4425.0,0.9343118458359403,1.5205301748310023,22.788016636076254,0,0,0,1,0,0,0,23.700603705037146,69.27716064453125,1
HKH-07574,28.085,90.113,Punatsangchu,Phochu,0.032,4145,M(e),False,0.03149866705937099,4145.0,0.0,10.790460633645278,48.73694342558323,0,0,0,1,0,0,0,12.394003702225703,78.22735595703125,0
HKH-07588,27.758,90.624,Manas,Chamkharchu,0.124,4411,E(c),False,0.11689375147149933,4411.0,8.324326936132682,0.13587852408011145,0.0,1,0,0,0,0,0,0,15.228521773147026,39.46159744262695,0
HKH-07615,27.404,88.767,Tista,Tista,0.019,3968,E(o),False,0.01882175424058776,3968.0,8.294820001136817,0.2635437284543572,0.0,0,1,0,0,0,0,0,14.73911680144321,42.65992736816406,0
HKH-07622,27.945,88.732,Tista,Changme,0.004,5297,E(o),False,0.003992021269537453,5297.0,1.6978408633361266,0.061343828507110496,11.905207871466693,0,1,0,0,0,0,0,22.299384485090904,55.901554107666016,0
HKH-07655,27.95,88.353,Tista,Zemu,0.109,4988,M(e),False,0.10345870836822998,4988.0,3.3679115295674005,4.414789512486298,11.837543581276195,0,0,0,1,0,0,0,9.91049289043869,34.129661560058594,0
HKH-07658,27.669,90.406,Manas,Mangdechu,0.01,4245,E(o),False,0.009950330853168083,4245.0,17.258727792908577,0.18648581637846345,0.0,0,1,0,0,0,0,0,22.484857805051714,52.715641021728516,0
HKH-07660,27.873,88.627,Tista,Zemu,0.013,5072,M(o),False,0.012916225266546328,5072.0,0.2870293293185492,0.661347417216478,26.587758991251768,0,0,0,0,0,1,0,26.39208218495073,67.66202545166016,0
HKH-07671,27.995,88.763,Tista,Zemu,0.042,5166,M(o),False,0.04114194333117518,5166.0,1.4212771012473668,0.40313695199924154,3.144794822151741,0,0,0,0,0,1,0,13.832068657003697,37.748023986816406,0
HKH-07678,27.426,88.756,Tista,Tista,0.007,4023,E(o),False,0.006975613736425242,4023.0,6.979920611509725,0.2635437284543572,0.0,0,1,0,0,0,0,0,13.119228811621952,45.69316101074219,0
HKH-07680,28.007,88.494,Tista,Zemu,0.409,5023,M(e),True,0.3428802329165431,5023.0,2.0410644349338334,2.324034338829577,9.502848583675243,0,0,0,1,0,0,0,7.899824226039666,48.189151763916016,1
HKH-07681,27.533,88.086,Tista,East Rathong,0.307,4860,M(e),False,0.2677344346420849,4860.0,0.8085318470684169,1.3651108212177532,20.846419007523494,0,0,0,1,0,0,0,15.614890082149238,41.46122741699219,0
HKH-07695,27.481,88.049,Tista,East Rathong,0.008,4400,E(o),False,0.007968169649176874,4400.0,4.471624838583224,0.06833449353037407,0.23564799108017487,0,1,0,0,0,0,0,22.80075195963091,62.42972946166992,0
HKH-07702,27.843,88.803,Tista,Changme,0.027,4936,E(c),False,0.02664193094642118,4936.0,1.466675889771112,0.17609564122995852,37.09746956591375,1,0,0,0,0,0,0,21.353493741586966,67.94297790527344,0
HKH-07704,27.563,88.123,Tista,East Rathong,0.1,4710,M(e),True,0.09531017980432487,4710.0,0.5211522570931195,9.07158177262121,56.23456801869041,0,0,0,1,0,0,0,16.049031017500592,53.71568298339844,-1
HKH-07706,27.852,88.872,Tista,Changme,0.02,4945,M(o),True,0.019802627296179712,4945.0,0.7167313052415802,0.3100017516109573,59.42299150250787,0,0,0,0,0,1,0,23.91001506041513,64.5045394897461,-1
HKH-07713,27.403,88.812,Tista,Tista,0.008,4353,E(o),False,0.007968169649176874,4353.0,8.333823596560316,0.2635437284543572,0.0,0,1,0,0,0,0,0,22.635834367321817,44.68448257446289,0
HKH-07722,27.861,88.865,Tista,Changme,0.026,4826,M(o),True,0.02566774674857779,4826.0,0.5867730959608906,1.6595214700359753,68.29593744964315,0,0,0,0,0,1,0,23.957265762340644,50.04316711425781,-1
HKH-07731,27.869,88.853,Tista,Changme,0.013,5075,M(o),True,0.012916225266546328,5075.0,0.6693989296854689,0.0763980142926561,68.81682282279954,0,0,0,0,0,1,0,20.99352225267929,49.1806640625,-1
HKH-07741,27.895,88.761,Tista,Changme,0.406,5232,M(e),False,0.3407487933884732,5232.0,0.2728311945363194,0.5731708902437488,27.78854527487911,0,0,0,1,0,0,0,2.956462910028248,14.31113338470459,-1
HKH-07751,27.82,88.244,Tista,Zemu,0.05,5417,M(o),False,0.04879016416943201,5417.0,0.0,9.809132233226626,113.71957554880511,0,0,0,0,0,1,0,8.310422109271196,39.41987609863281,0
HKH-07753,27.602,88.185,Tista,East Rathong,0.076,4772,M(e),True,0.07325046173959267,4772.0,0.4627181900453824,1.569241545034778,47.479004678030314,0,0,0,1,0,0,0,20.049499949806794,48.28413391113281,1
HKH-07762,27.951,88.31,Tista,Zemu,0.009,5142,M(o),False,0.008959741371471904,5142.0,1.6336146331574393,3.6251220374033832,21.644410646340546,0,0,0,0,0,1,0,16.08408764535012,51.737388610839844,0
HKH-07764,27.686,88.532,Tista,Zemu,0.045,4087,E(c),False,0.04401688541677432,4087.0,4.868915936728551,0.16886807260685907,0.16886807260685907,1,0,0,0,0,0,0,13.10477889830547,43.93838119506836,0
HKH-07769,27.482,88.059,Tista,East Rathong,0.014,4454,E(o),False,0.013902905168991422,4454.0,4.125563974737191,0.06833449353037407,0.36370670231976177,0,1,0,0,0,0,0,18.125417914542574,62.77229690551758,0
HKH-07779,28.167,90.576,Manas,Kurichu,0.054,5408,M(e),True,0.05259245011917058,5408.0,0.5953984826602056,1.8786782333589533,40.89010155665921,0,0,0,1,0,0,0,23.048084851108182,71.15149688720703,1
HKH-07788,27.562,88.187,Tista,East Rathong,0.017,4301,M(o),False,0.0168571170664229,4301.0,1.1397480370372324,2.4952282184036085,46.800403188031794,0,0,0,0,0,1,0,20.37136749055649,45.25603485107422,0
HKH-07789,29.959,90.61,Yarlung Zangbo,Lhasa,0.013,5296,E(o),False,0.012916225266546328,5296.0,144.52152506892986,0.34466571498272425,0.0,0,1,0,0,0,0,0,18.02472083475012,44.346555869690384,0
HKH-07791,28.011,90.322,Manas,Mangdechu,0.016,5511,M(o),True,0.01587334915629015,5511.0,0.14970713581496917,9.395396360803568,35.91420688732972,0,0,0,0,0,1,0,17.45665520147691,40.4145393371582,1
HKH-07798,27.428,88.756,Tista,Tista,0.006,4030,E(o),False,0.005982071677547464,4030.0,6.82433022052257,0.2635437284543572,0.0,0,1,0,0,0,0,0,10.943623309881964,30.80095863342285,0
HKH-07802,27.979,88.411,Tista,Zemu,0.008,5351,M(o),False,0.007968169649176874,5351.0,0.3068538415885328,0.4116487223551859,7.654659619740864,0,0,0,0,0,1,0,33.82101252566117,63.70633316040039,0
HKH-07806,27.96,88.336,Tista,Zemu,0.01,5194,M(o),False,0.009950330853168083,5194.0,1.6383928210767638,1.8728820450294061,16.271659968179616,0,0,0,0,0,1,0,14.228379771662052,42.62002182006836,0
HKH-07808,27.828,88.412,Tista,Zemu,0.051,5057,E(o),False,0.04974209189481407,5057.0,1.8149460421695953,0.07682979219739146,0.28970185174153096,0,1,0,0,0,0,0,19.806086880200777,49.67022705078125,0
HKH-07811,27.835,88.257,Tista,Zemu,0.02,5585,M(o),False,0.019802627296179712,5585.0,0.9259622082521001,9.809132233226626,112.73589353189527,0,0,0,0,0,1,0,18.78953739844997,45.41148376464844,0
HKH-07812,28.039,88.574,Tista,Zemu,0.054,5184,M(e),False,0.05259245011917058,5184.0,2.599517891243422,1.8591419142787704,4.787012870851529,0,0,0,1,0,0,0,10.463577546763569,56.1807975769043,0
HKH-07815,27.823,88.784,Tista,Changme,0.006,4910,E(o),False,0.005982071677547464,4910.0,0.9792092245916706,0.4238905895005213,14.80108732532251,0,1,0,0,0,0,0,22.51760398915006,56.54545593261719,0
HKH-07818,30.752,82.726,Yarlung Zangbo,Maquan,0.017,5735,M(o),False,0.0168571170664229,5735.0,74.46042346564757,6.748174312826132,0.0,0,0,0,0,0,1,0,18.54423923988862,49.85592269897461,0
HKH-07831,27.951,88.714,Tista,Changme,0.006,5075,M(o),False,0.005982071677547464,5075.0,0.6187517211814648,1.2346172349998732,19.41881618082789,0,0,0,0,0,1,0,18.5187484082082,37.493656158447266,0
HKH-07839,27.797,88.801,Tista,Changme,0.106,4776,E(c),False,0.10074990310014305,4776.0,0.8224747904557478,0.26848128675600597,3.2410259684126936,1,0,0,0,0,0,0,19.787614507403706,57.522621154785156,0
HKH-07845,27.993,88.744,Tista,Zemu,0.018,5176,M(o),False,0.017839918128331,5176.0,0.1474117602207502,0.40313695199924154,5.289696390054776,0,0,0,0,0,1,0,19.32666756680375,43.32468795776367,0
HKH-07849,27.852,88.803,Tista,Changme,0.011,5048,M(o),False,0.010939940038334364,5048.0,0.978265424357188,0.17609564122995852,44.974958022761165,0,0,0,0,0,1,0,11.141291647169735,28.15590476989746,0
HKH-07871,27.517,88.363,Tista,Talung,0.004,4174,E(o),False,0.003992021269537453,4174.0,8.303514232921827,0.07573025401056951,0.0,0,1,0,0,0,0,0,28.95959259621247,70.03971099853516,0
HKH-07873,27.894,88.192,Tista,Zemu,0.159,5495,M(e),True,0.14755756435761466,5495.0,0.2447598491212105,0.5262865586799612,120.33514692479172,0,0,0,1,0,0,0,12.218900348725574,51.72772979736328,-1
HKH-07877,28.001,88.75,Tista,Zemu,0.011,5096,M(o),False,0.010939940038334364,5096.0,0.8231913518681184,0.40313695199924154,3.7082875063147798,0,0,0,0,0,1,0,7.713199476418038,25.47298240661621,0
HKH-07891,27.999,88.719,Tista,Zemu,0.011,5329,M(o),False,0.010939940038334364,5329.0,0.014648454405749144,0.8589666806976989,17.209364776712114,0,0,0,0,0,1,0,20.147962869912895,63.09168243408203,0
HKH-07906,28.031,88.486,Tista,Zemu,0.045,5234,E(o),False,0.04401688541677432,5234.0,3.7395074080605717,0.05931972031296379,4.781674028190492,0,1,0,0,0,0,0,6.488932379830819,30.608400344848633,0
HKH-07920,27.759,88.339,Tista,Zemu,0.008,4519,I(s),False,0.007968169649176874,4519.0,0.0,76.12025969252765,102.24316544920644,0,0,1,0,0,0,0,8.972784769075517,34.95575714111328,0
HKH-07929,28.334,90.674,Manas,Kurichu,0.117,4646,M(e),True,0.11064652008706366,4646.0,1.1942246410929696,11.345157009583618,20.341871629490527,0,0,0,1,0,0,0,19.419624097149878,69.93440246582031,1
HKH-07938,28.758,88.123,Yarlung Zangbo,Yarlung Zangbo,0.016,5616,E(o),False,0.01587334915629015,5616.0,61.035309422799465,0.043322924733049724,0.0,0,1,0,0,0,0,0,9.977252393397006,31.578853607177734,0
HKH-07947,27.81,88.434,Tista,Zemu,0.021,4621,E(o),False,0.020782539182528505,4621.0,4.409068979198739,0.07682979219739146,0.1326562158505916,0,1,0,0,0,0,0,18.149640367464023,67.0862045288086,0
HKH-07952,27.422,88.068,Tista,East Rathong,0.006,4163,E(o),False,0.005982071677547464,4163.0,9.703601383384758,0.06833449353037407,0.0,0,1,0,0,0,0,0,19.793364549423053,54.11823654174805,0
HKH-07961,27.865,88.863,Tista,Changme,0.139,4781,M(e),True,0.1301506844650451,4781.0,0.26176852352910823,1.6595214700359753,68.25356142400244,0,0,0,1,0,0,0,18.112734312531387,52.0750617980957,1
HKH-07963,27.92,88.672,Tista,Changme,0.101,4826,M(e),False,0.09621885774054292,4826.0,0.3739624116626521,1.9610716638780181,26.07539891516961,0,0,0,1,0,0,0,20.036141945350927,44.569847106933594,0
HKH-07968,27.972,88.358,Tista,Zemu,0.029,5130,E(c),False,0.028587456851912555,5130.0,1.429656934603331,4.414789512486298,16.949038864064125,1,0,0,0,0,0,0,13.156322538093296,34.90290451049805,0
HKH-08013,27.998,88.732,Tista,Zemu,0.018,5375,M(o),False,0.017839918128331,5375.0,0.9552396305483987,0.41348431053928525,11.45506171297376,0,0,0,0,0,1,0,21.645096719694997,73.6124496459961,0
HKH-08014,27.921,89.929,Punatsangchu,Phochu,0.017,4830,E(o),True,0.0168571170664229,4830.0,1.0200401083255501,0.06952252222381713,8.588775814809537,0,1,0,0,0,0,0,11.602189112644695,29.664329528808594,1
HKH-08027,27.913,88.199,Tista,Zemu,0.977,5188,M(e),True,0.6815805441884798,5188.0,0.5099467635605257,12.58345541983853,53.44093331754932,0,0,0,1,0,0,0,5.902463765069793,23.066226959228516,-1
HKH-08033,27.998,88.744,Tista,Zemu,0.028,5170,M(o),False,0.027615167032973367,5170.0,0.5581306900996982,0.40313695199924154,5.289696390054776,0,0,0,0,0,1,0,11.159315193066922,34.843318939208984,0
HKH-08039,28.069,89.581,Punatsangchu,Mochu,0.065,4253,M(e),True,0.06297479916138844,4253.0,0.7704295359955273,2.5252855715092064,15.56941297719254,0,0,0,1,0,0,0,14.39875269934596,63.3452262878418,1
HKH-08049,27.816,88.794,Tista,Changme,0.036,4783,M(e),False,0.035367143837291316,4783.0,0.5791785138261194,0.26848128675600597,8.778098407073397,0,0,0,1,0,0,0,19.08221644158944,72.97791290283203,0
HKH-08051,28.015,88.562,Tista,Zemu,0.254,5049,E(c),True,0.22633844221072896,5049.0,1.1571638142094662,0.4140775865045259,11.486879063676003,1,0,0,0,0,0,0,17.897359891765834,49.69480895996094,-1
HKH-08056,27.852,88.242,Tista,Zemu,0.214,5191,M(e),True,0.19392069263730652,5191.0,0.35941934016730487,3.5291619005802266,175.4728627046325,0,0,0,1,0,0,0,13.45511027661798,43.290977478027344,-1
HKH-08061,27.458,88.757,Tista,Tista,0.019,4147,E(o),False,0.01882175424058776,4147.0,4.6609429621020055,0.2635437284543572,0.2635437284543572,0,1,0,0,0,0,0,23.0199587961736,62.42934036254883,0
HKH-08066,27.977,88.793,Tista,Changme,0.116,5433,E(c),False,0.1097508639591192,5433.0,0.5727227550633802,0.058175520850032476,26.730681515253604,1,0,0,0,0,0,0,15.015423456908541,57.665306091308594,0
HKH-08067,27.966,88.894,Yarlung Zangbo,Nianchu,0.272,5418,M(e),True,0.2405904649179304,5418.0,0.8897543803795858,9.204919513996753,40.69136148174824,0,0,0,1,0,0,0,17.89762005977957,41.76951599121094,1
HKH-08071,28.0,88.548,Tista,Zemu,0.081,5156,M(e),False,0.07788653865707122,5156.0,0.934967196926358,0.13842063583587197,11.77922094745762,0,0,0,1,0,0,0,17.343759747300894,39.60457229614258,0
HKH-08075,27.993,88.545,Tista,Zemu,0.775,5157,M(e),False,0.5738004229273791,5157.0,1.223625542454891,3.1137719865669005,11.77922094745762,0,0,0,1,0,0,0,8.794549948592374,36.912574768066406,0
HKH-08078,27.956,88.788,Tista,Changme,0.025,5291,M(o),False,0.0246926125903715,5291.0,0.807468599574314,0.7602554115456125,27.418635530426023,0,0,0,0,0,1,0,12.249907507807363,40.15506362915039,0
HKH-08090,27.976,88.419,Tista,Zemu,0.097,5194,M(e),False,0.0925791812930932,5194.0,0.0,0.8569115976628241,6.143433398055924,0,0,0,1,0,0,0,13.40112866974176,34.45151901245117,0
HKH-08091,27.996,88.557,Tista,Zemu,0.036,5160,M(o),False,0.035367143837291316,5160.0,1.569842065392964,0.13842063583587197,11.77922094745762,0,0,0,0,0,1,0,11.597342058187508,35.19115447998047,-1
HKH-08099,27.663,88.666,Tista,Zemu,0.015,3873,E(o),False,0.014888612493750654,3873.0,6.103232854757754,0.5681729317633335,0.0,0,1,0,0,0,0,0,29.049995681284603,60.380550384521484,0
HKH-08115,27.688,88.807,Tista,Changme,0.049,4691,E(o),False,0.04783732941416013,4691.0,1.4007598228073017,0.05767633426414831,0.37887863130332466,0,1,0,0,0,0,0,21.030980690851255,63.832820892333984,0
HKH-08119,27.953,88.296,Tista,Zemu,0.048,5110,M(e),False,0.04688358589885042,5110.0,0.48164359243220584,0.46102354103634535,23.94947104960506,0,0,0,1,0,0,0,26.638256090160738,66.99067687988281,0
HKH-08120,27.678,88.378,Tista,Talung,0.112,3949,M(e),False,0.10616019582839063,3949.0,0.31615650619298513,7.73690766035999,19.592221960832905,0,0,0,1,0,0,0,18.030818227830252,56.749420166015625,0
HKH-08125,30.011,84.939,Yarlung Zangbo,Yarlung Zangbo,0.024,5764,M(o),False,0.023716526617316044,5764.0,93.93128944353562,0.16299298797656592,0.0,0,0,0,0,0,1,0,10.586195908253137,30.947956085205078,0
HKH-08143,27.544,89.099,Amochu,Amochu,0.018,4771,E(o),False,0.017839918128331,4771.0,1.2074647164390184,0.08249294212541988,0.08249294212541988,0,1,0,0,0,0,0,22.270045086214225,46.17952346801758,0
HKH-08144,28.068,89.989,Punatsangchu,Phochu,0.017,5003,M(o),False,0.0168571170664229,5003.0,0.4101986162166889,0.27425133706110155,32.75488323715845,0,0,0,0,0,1,0,21.827753931986216,43.973304748535156,0
HKH-08147,29.218,83.649,Yarlung Zangbo,Maquan,0.049,5520,M(e),False,0.04783732941416013,5520.0,6.805951527190063,1.6902370527478017,0.0,0,0,0,1,0,0,0,14.00222088931077,34.77412033081055,0
HKH-08154,27.872,88.633,Tista,Zemu,0.02,5089,M(o),False,0.019802627296179712,5089.0,0.3262383575301244,1.9970588704790861,27.340649556456004,0,0,0,0,0,1,0,20.06109843355108,49.191463470458984,0
HKH-08177,27.969,88.797,Tista,Changme,0.185,5355,M(e),False,0.1697427745870945,5355.0,0.2611359921094783,1.344034110556746,27.722558859503284,0,0,0,1,0,0,0,13.237960369878737,51.77696990966797,0
HKH-08186,27.621,88.803,Tista,Changme,0.014,4723,E(o),False,0.013902905168991422,4723.0,6.420801813796516,0.20791903884073185,0.0,0,1,0,0,0,0,0,26.632604653386878,53.14191436767578,0
HKH-08187,27.901,88.782,Tista,Changme,0.279,5110,M(e),True,0.24607852259670565,5110.0,0.6369576159929108,0.09712019385772323,38.12945891136242,0,0,0,1,0,0,0,8.999465002940047,41.47351837158203,1
HKH-08190,28.093,90.299,Punatsangchu,Phochu,1.233,4510,M(e),True,0.8033459728580209,4510.0,0.984673909247811,1.426562054093267,103.0073342943131,0,0,0,1,0,0,0,2.4771672066900146,50.1556510925293,1
HKH-08201,27.964,88.796,Tista,Changme,0.112,5350,M(e),False,0.10616019582839063,5350.0,0.32122856346781453,0.2905665556139991,27.722558859503284,0,0,0,1,0,0,0,9.074176869800288,38.90582275390625,0
HKH-08237,27.488,88.213,Tista,East Rathong,0.085,4233,E(o),False,0.08157998699242287,4233.0,2.212656245543219,0.13102898539442198,7.614374214953967,0,1,0,0,0,0,0,10.876724128794677,36.30437469482422,0
HKH-08241,27.873,88.638,Tista,Zemu,0.085,5117,M(e),False,0.08157998699242287,5117.0,0.29946724016159143,0.5783618065348352,27.7861619114713,0,0,0,1,0,0,0,16.73711860870164,66.9084701538086,0
HKH-08245,27.97,88.373,Tista,Zemu,0.032,5063,M(o),False,0.03149866705937099,5063.0,1.5571825112253705,1.4026475141535326,14.785928581553845,0,0,0,0,0,1,0,18.570446684439055,53.91946792602539,0
HKH-08256,27.962,88.743,Tista,Changme,0.198,5043,M(e),False,0.1806534996932576,5043.0,2.1062344950120715,0.40313695199924154,7.218692973334071,0,0,0,1,0,0,0,11.343625442025788,32.71152114868164,0
HKH-08257,27.693,88.808,Tista,Changme,0.009,4819,E(o),False,0.008959741371471904,4819.0,1.2199748929627374,0.05767633426414831,0.37887863130332466,0,1,0,0,0,0,0,25.667646584139245,54.5797233581543,0
HKH-08258,28.032,90.299,Punatsangchu,Phochu,0.018,5318,M(o),True,0.017839918128331,5318.0,0.17514226977213518,9.395396360803568,31.17854861328129,0,0,0,0,0,1,0,5.161312917030478,17.124792098999023,1
HKH-08264,27.785,88.342,Tista,Zemu,0.032,5101,M(o),False,0.03149866705937099,5101.0,0.5171288202634221,0.05668251654130924,94.46145060753568,0,0,0,0,0,1,0,11.221524009738793,36.49430847167969,0
HKH-08279,27.38,88.829,Tista,Tista,0.061,4093,E(c),False,0.05921185963184608,4093.0,11.04490710834973,0.2635437284543572,0.0,1,0,0,0,0,0,0,16.35414908666166,53.65210723876953,0
HKH-08280,28.005,89.681,Punatsangchu,Mochu,0.014,4478,E(o),False,0.013902905168991422,4478.0,7.791126409621442,0.1409572656107021,0.0,0,1,0,0,0,0,0,25.96083623312768,54.7548713684082,0
HKH-08293,29.579,90.546,Yarlung Zangbo,Yarlung Zangbo,0.009,5522,E(o),False,0.008959741371471904,5522.0,115.74610091172931,11.345157009583618,0.0,0,1,0,0,0,0,0,12.762031975008837,44.64589746680855,0
HKH-08294,27.765,88.245,Tista,Zemu,0.005,4979,I(s),False,0.004987541511039074,4979.0,0.0,76.12025969252765,121.94394079488568,0,0,1,0,0,0,0,16.835802294614723,61.3975944519043,0
HKH-08296,27.939,88.464,Tista,Zemu,0.038,4930,M(e),False,0.037295784743696894,4930.0,0.91594204069749,0.1868979343781586,1.5652960400796017,0,0,0,1,0,0,0,12.961363117429244,32.6060676574707,0
HKH-08299,27.883,88.26,Tista,Zemu,0.087,5125,M(e),False,0.08342160813907239,5125.0,1.5225521088577831,0.8235886057560445,7.30676199168116,0,0,0,1,0,0,0,8.820698250437488,24.410736083984375,0
HKH-08305,28.021,90.525,Manas,Chamkharchu,0.006,4816,I(s),False,0.005982071677547464,4816.0,0.0,13.338566141934777,105.44157222936182,0,0,1,0,0,0,0,13.921815886315692,67.26878356933594,0
HKH-08315,27.73,88.833,Tista,Changme,0.16,4440,E(o),False,0.14842000511827327,4440.0,3.5202654885755225,0.19223194176747108,1.0486499937532194,0,1,0,0,0,0,0,14.916771997073182,46.641475677490234,0
HKH-08319,28.033,90.552,Manas,Chamkharchu,0.02,5160,M(o),False,0.019802627296179712,5160.0,1.0331088998628253,0.5510876426782373,50.6515701686294,0,0,0,0,0,1,0,13.541721521596155,41.00282287597656,0
HKH-08325,27.76,88.309,Tista,Zemu,0.004,4673,I(s),False,0.003992021269537453,4673.0,0.0,76.12025969252765,116.6528355114201,0,0,1,0,0,0,0,8.408755126441044,23.7608585357666,0
HKH-08329,28.002,88.735,Tista,Zemu,0.025,5372,M(o),False,0.0246926125903715,5372.0,1.3550600987093353,0.41348431053928525,10.6169255338658,0,0,0,0,0,1,0,16.63561222343772,49.50067138671875,0
HKH-08338,27.643,89.517,Punatsangchu,Wangchu,0.02,4675,E(o),False,0.019802627296179712,4675.0,9.636712388130164,0.21292343962926064,0.0,0,1,0,0,0,0,0,11.98686414760277,39.87415313720703,0
HKH-08361,28.0,88.748,Tista,Zemu,0.027,5098,M(o),False,0.02664193094642118,5098.0,0.711347081815991,0.40313695199924154,4.942904741314653,0,0,0,0,0,1,0,12.731158406075188,39.7109375,0
HKH-08367,27.949,88.305,Tista,Zemu,0.355,5043,M(e),False,0.3038014543316642,5043.0,1.6060189051449605,0.46102354103634535,24.153248594173444,0,0,0,1,0,0,0,14.049591358527094,43.7028923034668,0
HKH-08388,27.729,90.815,Manas,Chamkharchu,0.013,4336,E(o),False,0.012916225266546328,4336.0,13.454925530721043,0.05436769538689965,0.0,0,1,0,0,0,0,0,27.700098359994275,52.8962287902832,0
HKH-08389,28.002,90.426,Manas,Mangdechu,0.004,5175,I(s),False,0.003992021269537453,5175.0,0.0,34.51976448274544,53.35945365955532,0,0,1,0,0,0,0,7.632464494488802,19.408647537231445,0
HKH-08390,28.106,90.263,Punatsangchu,Phochu,0.543,4451,M(e),True,0.43372857338102383,4451.0,0.13658604481233003,10.48568449564386,18.47179058038327,0,0,0,1,0,0,0,4.692285106373762,27.7408390045166,1
HKH-08399,27.827,88.84,Tista,Changme,0.013,5063,E(o),False,0.012916225266546328,5063.0,0.7072928792436853,0.17410965596922204,21.439221032825785,0,1,0,0,0,0,0,21.094670111661756,51.50481033325195,0
HKH-08400,27.674,88.691,Tista,Zemu,0.01,4447,E(o),False,0.009950330853168083,4447.0,3.7683381619843717,0.425721773946694,1.275901025506692,0,1,0,0,0,0,0,27.198179643747316,62.48682403564453,0
HKH-08412,27.402,88.796,Tista,Tista,0.014,4294,E(o),False,0.013902905168991422,4294.0,8.070198968078186,0.2635437284543572,0.0,0,1,0,0,0,0,0,24.019957396908953,59.22833251953125,0
HKH-08415,27.516,88.33,Tista,East Rathong,0.008,3733,E(o),False,0.007968169649176874,3733.0,4.4121237238290725,0.07573025401056951,0.2381842649671068,0,1,0,0,0,0,0,36.37753853640571,62.74293518066406,0
HKH-08424,28.012,88.756,Tista,Zemu,1.055,5093,M(o),False,0.7202758479481979,5093.0,2.0146590901678256,0.40313695199924154,2.252012716462844,0,0,0,0,0,1,0,1.624984982983712,8.348730087280273,0
HKH-08432,27.842,88.878,Tista,Changme,0.043,5112,E(c),False,0.04210117601863539,5112.0,0.9311920446953078,0.12670354455047161,59.42299150250787,1,0,0,0,0,0,0,22.88572333827627,63.485198974609375,0
HKH-08438,28.175,90.522,Manas,Kurichu,0.015,5698,M(o),False,0.014888612493750654,5698.0,0.503140713916913,0.8290680811579193,55.23197770133491,0,0,0,0,0,1,0,7.158261083222961,34.9326057434082,0
HKH-08445,27.967,88.633,Tista,Zemu,0.026,5024,M(e),False,0.02566774674857779,5024.0,0.15232082025541926,0.1588148944852858,22.296178913256604,0,0,0,1,0,0,0,18.552577522487873,42.8645133972168,0
HKH-08448,27.433,88.79,Tista,Tista,0.038,4458,E(c),False,0.037295784743696894,4458.0,5.166896105420672,0.2635437284543572,0.0,1,0,0,0,0,0,0,18.23280047642711,58.07728576660156,0
HKH-08451,27.861,88.237,Tista,Zemu,0.008,5415,M(o),True,0.007968169649176874,5415.0,0.39682069837649997,0.29558322671265724,97.45593890505275,0,0,0,0,0,1,0,15.598044869404706,38.2783203125,-1
HKH-08459,27.723,88.453,Tista,Talung,0.174,4190,E(c),False,0.16041672140590468,4190.0,2.1519902939643347,0.15964482954261278,5.151829741567473,1,0,0,0,0,0,0,11.955570265070515,46.318931579589844,0
HKH-08473,27.988,88.736,Tista,Zemu,0.101,5185,E(c),False,0.09621885774054292,5185.0,0.30135731123293136,0.41348431053928525,7.624384565386066,1,0,0,0,0,0,0,17.07572998208276,56.17976379394531,0
HKH-08476,27.501,88.055,Tista,East Rathong,0.047,4821,E(c),False,0.045928931888399804,4821.0,2.4857877738835783,0.06833449353037407,4.101603426864194,1,0,0,0,0,0,0,20.124228016989527,57.335960388183594,0
HKH-08485,27.375,88.763,Tista,Tista,0.267,3744,E(o),False,0.23665190133900202,3744.0,11.011245280582312,0.2635437284543572,0.0,0,1,0,0,0,0,0,11.033434405217372,45.63167190551758,0
HKH-08488,27.732,88.675,Tista,Zemu,0.03,4606,E(c),False,0.0295588022415444,4606.0,3.0008194410311395,0.5681729317633335,1.4930247325184358,1,0,0,0,0,0,0,23.24950939088173,69.62826538085938,0
HKH-08493,27.576,88.181,Tista,East Rathong,0.013,4544,M(l),False,0.012916225266546328,4544.0,0.18970857712976483,2.4952282184036085,46.45255072621738,0,0,0,0,1,0,0,16.348710456595533,51.92592239379883,0
HKH-08496,27.881,88.792,Tista,Changme,0.011,5218,M(o),False,0.010939940038334364,5218.0,0.24326771501108935,2.668960068436007,49.672409056537006,0,0,0,0,0,1,0,22.341610604751068,58.62074279785156,0
HKH-08508,27.38,88.825,Tista,Tista,0.016,4088,E(o),False,0.01587334915629015,4088.0,10.861959394639477,0.2635437284543572,0.0,0,1,0,0,0,0,0,11.932590290123038,37.13497543334961,0
HKH-08509,27.655,88.858,Amochu,Amochu,0.114,4748,E(c),True,0.10795714150509228,4748.0,1.5869295946984,0.14768275193280128,0.14768275193280128,1,0,0,0,0,0,0,15.403863001629368,53.837093353271484,1
HKH-08533,27.9,88.314,Tista,Zemu,0.005,5237,E(o),False,0.004987541511039074,5237.0,2.8953590103093165,0.2481953323150502,0.2481953323150502,0,1,0,0,0,0,0,16.842477647760774,39.518306732177734,0
HKH-08537,27.94,88.783,Tista,Changme,0.009,5338,M(o),False,0.008959741371471904,5338.0,0.11374390180147695,0.6872247875875613,31.332753608611526,0,0,0,0,0,1,0,8.96067021323501,37.17436218261719,0
HKH-08538,27.755,88.336,Tista,Zemu,0.018,4523,I(s),False,0.017839918128331,4523.0,0.0,76.12025969252765,102.02218142891743,0,0,1,0,0,0,0,13.83589045364987,41.88837432861328,0
HKH-08558,27.377,88.848,Tista,Tista,0.034,4069,E(o),False,0.03343477608623739,4069.0,12.358984001068865,0.2635437284543572,0.0,0,1,0,0,0,0,0,18.945403529764953,56.294586181640625,0
HKH-08564,27.94,88.729,Tista,Changme,0.005,5375,E(o),False,0.004987541511039074,5375.0,1.1677025095477254,0.061343828507110496,11.905207871466693,0,1,0,0,0,0,0,22.17627203264334,56.84260559082031,0
HKH-08566,28.007,88.457,Tista,Zemu,0.023,5045,E(o),False,0.02273948696948943,5045.0,2.104528535758379,0.27031646047714625,0.2904484642481535,0,1,0,0,0,0,0,14.989484395874129,39.30012512207031,0
HKH-08568,27.897,89.946,Punatsangchu,Phochu,0.083,4871,E(c),False,0.07973496801885356,4871.0,0.639465322480586,0.3586403154164673,2.3248150402175116,1,0,0,0,0,0,0,16.452226278192775,59.288360595703125,0
HKH-08572,27.5,88.076,Tista,East Rathong,0.021,4717,E(o),False,0.020782539182528505,4717.0,2.914131619988613,0.06833449353037407,5.772479405888432,0,1,0,0,0,0,0,18.459886890005674,45.679996490478516,0
HKH-08609,27.777,88.838,Tista,Changme,0.007,4749,E(o),False,0.006975613736425242,4749.0,2.6334992110581834,0.48875296500793386,0.8438810184191168,0,1,0,0,0,0,0,22.676871753071662,48.04653549194336,0
HKH-08620,27.391,88.815,Tista,Tista,0.02,4204,E(o),False,0.019802627296179712,4204.0,9.503615418902191,0.2635437284543572,0.0,0,1,0,0,0,0,0,16.681868894265516,58.738609313964844,0
HKH-08633,27.873,88.789,Tista,Changme,0.103,4957,M(e),False,0.09803374027136541,4957.0,0.7851099601932988,2.668960068436007,55.773286737879694,0,0,0,1,0,0,0,11.734078339834031,35.456748962402344,0
HKH-08641,27.919,88.621,Tista,Zemu,0.014,4867,E(o),False,0.013902905168991422,4867.0,1.811597883822743,0.35081505365607984,14.495840319317896,0,1,0,0,0,0,0,18.069411629398953,65.5201416015625,0
HKH-08642,27.398,88.812,Tista,Tista,0.014,4260,E(c),False,0.013902905168991422,4260.0,8.778467385186238,0.2635437284543572,0.0,1,0,0,0,0,0,0,27.141092588942882,67.887939453125,0
HKH-08646,27.793,88.845,Tista,Changme,0.027,4751,E(o),False,0.02664193094642118,4751.0,2.11221408543099,0.17410965596922204,1.0921256542233122,0,1,0,0,0,0,0,22.52315693852849,46.30778884887695,0
HKH-08649,28.138,89.534,Yarlung Zangbo,Nianchu,0.497,5292,M(e),True,0.4034631054374913,5292.0,0.727006781347555,2.9346452850156854,27.383871719485192,0,0,0,1,0,0,0,4.444215592384286,46.7985725402832,1
HKH-08667,27.825,88.42,Tista,Zemu,0.064,5023,E(c),False,0.06203539091945264,5023.0,2.3491166819134954,0.07682979219739146,0.28970185174153096,1,0,0,0,0,0,0,22.338992960075412,55.35264205932617,0
HKH-08674,27.991,88.603,Tista,Zemu,0.112,4776,E(c),False,0.10616019582839063,4776.0,1.5228021045633593,0.7135775238109139,5.137214984429375,1,0,0,0,0,0,0,14.261908103219818,35.60367965698242,0
HKH-08675,28.015,88.652,Tista,Zemu,0.139,5522,M(e),False,0.1301506844650451,5522.0,1.3574660852633706,1.210996170520948,21.566036290089375,0,0,0,1,0,0,0,10.455209403064234,34.8056526184082,0
HKH-08680,27.943,88.35,Tista,Zemu,0.038,4990,M(o),False,0.037295784743696894,4990.0,3.778749196038972,1.8728820450294061,8.732137980205106,0,0,0,0,0,1,0,12.173486425630692,39.66999053955078,0
HKH-08693,27.871,88.752,Tista,Changme,0.024,5321,M(o),False,0.023716526617316044,5321.0,0.3710391941639646,0.560465804837418,21.976554863271577,0,0,0,0,0,1,0,21.038036094115487,48.276248931884766,0
HKH-08694,27.675,88.495,Tista,Talung,0.03,4352,E(o),False,0.0295588022415444,4352.0,3.548295105261532,0.16886807260685907,1.915268770967569,0,1,0,0,0,0,0,28.033662469411162,60.64500427246094,0
HKH-08696,27.838,90.377,Manas,Mangdechu,0.036,4871,E(o),False,0.035367143837291316,4871.0,4.6578553249277,0.4137284511879182,0.8669379002682368,0,1,0,0,0,0,0,22.65991145209513,45.1223258972168,0
HKH-08700,27.428,88.076,Tista,East Rathong,0.024,4352,E(o),False,0.023716526617316044,4352.0,9.266100840002172,0.06833449353037407,0.0,0,1,0,0,0,0,0,17.12788500382949,40.288604736328125,0
HKH-08705,27.613,88.804,Tista,Changme,0.025,4837,E(o),False,0.0246926125903715,4837.0,5.9097701098616815,0.20791903884073185,0.0,0,1,0,0,0,0,0,28.08247314191178,69.98580932617188,0
HKH-08714,27.879,88.446,Tista,Zemu,0.029,4923,E(o),False,0.028587456851912555,4923.0,3.6257116837660073,0.27639602471633573,0.693276476586478,0,1,0,0,0,0,0,12.307919437138795,40.789363861083984,0
HKH-08726,27.938,88.276,Tista,Zemu,0.012,5146,M(o),True,0.011928570865273802,5146.0,0.857937706714647,0.16625524345088466,21.368258579610234,0,0,0,0,0,1,0,12.74202293411863,27.344858169555664,-1
HKH-08741,27.871,88.847,Tista,Changme,0.004,5145,M(o),True,0.003992021269537453,5145.0,0.12401225398942174,0.0763980142926561,69.2267683274928,0,0,0,0,0,1,0,16.628640978022055,44.181297302246094,-1
HKH-08754,27.914,88.772,Tista,Changme,0.004,5380,M(o),True,0.003992021269537453,5380.0,0.28048524104793204,0.6981479331678735,34.8851309734517,0,0,0,0,0,1,0,13.789866931071982,39.557064056396484,-1
HKH-08755,27.934,88.66,Tista,Changme,0.035,5184,M(o),False,0.0344014267173324,5184.0,0.544457475966213,0.1865076941840346,34.221284071626165,0,0,0,0,0,1,0,13.426071414632915,44.83839416503906,0
HKH-08758,27.803,89.35,Punatsangchu,Wangchu,0.07,4337,M(e),True,0.06765864847381481,4337.0,0.12965520607022982,5.010069219363214,14.79699760267303,0,0,0,1,0,0,0,8.920847860213593,38.486026763916016,1
HKH-08780,27.956,88.714,Tista,Changme,0.159,5073,M(e),False,0.14755756435761466,5073.0,0.15869286005561534,1.2346172349998732,19.21879727801387,0,0,0,1,0,0,0,12.960677540000997,38.44359588623047,0
HKH-08784,27.774,88.85,Tista,Changme,0.05,4825,E(c),False,0.04879016416943201,4825.0,1.4512511305938347,0.48875296500793386,0.8438810184191168,1,0,0,0,0,0,0,14.295971921524503,60.93135070800781,0
HKH-08787,27.695,88.716,Tista,Changme,0.087,4202,E(c),False,0.08342160813907239,4202.0,1.7284300856758315,0.425721773946694,1.4930247325184358,1,0,0,0,0,0,0,16.54367980535227,59.052711486816406,0
HKH-08790,27.464,88.828,Amochu,Amochu,0.196,4531,E(c),False,0.17898265552844,4531.0,4.905454426655814,0.2635437284543572,0.2635437284543572,1,0,0,0,0,0,0,13.91784985775293,49.370853424072266,0
HKH-08804,27.381,88.854,Tista,Tista,0.01,4212,E(o),False,0.009950330853168083,4212.0,12.454588657021839,0.2635437284543572,0.0,0,1,0,0,0,0,0,24.211273605323736,60.66648864746094,0
HKH-08816,27.912,88.773,Tista,Changme,0.004,5404,M(o),True,0.003992021269537453,5404.0,0.25300681032810435,0.6981479331678735,34.8851309734517,0,0,0,0,0,1,0,15.036855127253768,36.33060836791992,-1
HKH-08828,27.965,88.349,Tista,Zemu,0.041,5191,M(o),False,0.04018178963283183,5191.0,1.970557718248446,4.414789512486298,15.592866867530068,0,0,0,0,0,1,0,9.740783934368336,32.68775177001953,0
HKH-08829,27.566,88.117,Tista,East Rathong,0.022,4757,M(l),True,0.02176149178151269,4757.0,0.3156749957059994,9.07158177262121,62.66845941508472,0,0,0,0,1,0,0,20.065647958759754,54.827415466308594,1
HKH-08835,27.843,88.232,Tista,Zemu,0.109,5320,M(e),True,0.10345870836822998,5320.0,0.4563462056116136,3.5291619005802266,175.2482515822936,0,0,0,1,0,0,0,12.159882351301583,47.22349166870117,-1
HKH-08836,27.789,89.268,Punatsangchu,Wangchu,0.014,4522,M(o),True,0.013902905168991422,4522.0,0.46039552056810223,1.4153969910414719,18.69461691549389,0,0,0,0,0,1,0,25.47139906804396,59.685455322265625,1
HKH-08838,27.396,88.795,Tista,Tista,0.028,4243,E(o),False,0.027615167032973367,4243.0,8.61838189218633,0.2635437284543572,0.0,0,1,0,0,0,0,0,19.474065539177293,50.788822174072266,0
HKH-08848,27.962,88.768,Tista,Changme,0.038,5206,E(o),False,0.037295784743696894,5206.0,2.4434944242409475,0.6872247875875613,20.003641289545023,0,1,0,0,0,0,0,6.271874880699378,18.604097366333008,0
HKH-08849,27.649,88.8,Tista,Changme,0.017,4459,E(o),False,0.0168571170664229,4459.0,4.479288690501779,0.05767633426414831,0.05767633426414831,0,1,0,0,0,0,0,24.216488690072214,61.19704055786133,0
HKH-08853,27.975,88.616,Tista,Zemu,0.585,4960,M(e),False,0.4605844073292439,4960.0,0.6836065494416168,0.5086821660870358,10.540567477892811,0,0,0,1,0,0,0,2.0110322502890394,33.41901397705078,0
HKH-08861,27.424,88.081,Tista,East Rathong,0.028,4313,E(o),False,0.027615167032973367,4313.0,9.749052400016641,0.06833449353037407,0.0,0,1,0,0,0,0,0,16.738479877606817,50.44353103637695,0
HKH-08869,27.821,88.241,Tista,Zemu,0.01,5441,I(s),False,0.009950330853168083,5441.0,0.0,9.809132233226626,171.6809025486309,0,0,1,0,0,0,0,8.203949667798573,37.16079330444336,0
HKH-08873,27.827,88.764,Tista,Changme,0.033,4475,M(e),False,0.032467190137501496,4475.0,0.37976378804762106,2.433401001207727,17.2824910179585,0,0,0,1,0,0,0,27.288342682058108,58.58339309692383,0
HKH-08875,28.028,90.673,Manas,Chamkharchu,0.004,4796,M(o),True,0.003992021269537453,4796.0,3.0246583290613023,0.8488601599204901,8.788179901411905,0,0,0,0,0,1,0,16.760012759896377,41.38661193847656,1
HKH-08878,27.957,88.79,Tista,Changme,0.012,5296,M(o),False,0.011928570865273802,5296.0,0.6118529779936273,0.7602554115456125,27.54602185674678,0,0,0,0,0,1,0,11.028004741484958,31.021265029907227,0
HKH-08880,27.924,88.616,Tista,Zemu,0.055,4771,E(c),False,0.053540766928029816,4771.0,2.433477653019066,0.2846017490196159,13.807091189932878,1,0,0,0,0,0,0,13.947852981893055,49.564937591552734,0
HKH-08883,27.936,88.784,Tista,Changme,0.134,5334,M(e),False,0.12575120530556033,5334.0,0.25576459426774006,0.24797971735868812,32.28253185671281,0,0,0,1,0,0,0,15.944894797589196,63.80854034423828,0
HKH-08898,27.752,88.692,Tista,Changme,0.08,4788,E(c),False,0.07696104113612832,4788.0,1.6592738885711806,0.2171237070117438,1.4930247325184358,1,0,0,0,0,0,0,19.531028120947678,52.94355010986328,0
HKH-08903,27.947,88.219,Tista,Zemu,0.044,5310,M(o),False,0.04305948946044697,5310.0,1.355248550435063,2.0427952332486004,47.27179665994345,0,0,0,0,0,1,0,18.101471923664377,39.611907958984375,0
HKH-08907,27.479,88.055,Tista,East Rathong,0.086,4273,E(o),False,0.08250122151174369,4273.0,4.468384890485672,0.06833449353037407,0.23564799108017487,0,1,0,0,0,0,0,21.051823100216744,62.017730712890625,0
HKH-08916,27.895,88.327,Tista,Zemu,0.013,5242,E(o),False,0.012916225266546328,5242.0,4.334945786287303,0.2481953323150502,0.2481953323150502,0,1,0,0,0,0,0,16.743475800435167,57.598411560058594,0
HKH-08938,27.912,88.779,Tista,Changme,0.007,5452,M(o),True,0.006975613736425242,5452.0,0.12020502147647463,0.6981479331678735,34.8851309734517,0,0,0,0,0,1,0,16.54403173299766,34.745723724365234,-1
HKH-08941,27.495,88.234,Tista,East Rathong,0.033,4599,M(o),False,0.032467190137501496,4599.0,1.1356259847835133,0.4024446437842964,8.78476652256385,0,0,0,0,0,1,0,17.811643164257514,49.38225555419922,0
HKH-08950,28.087,90.326,Punatsangchu,Phochu,0.118,4706,M(e),True,0.11154137473290741,4706.0,0.2645158249205709,3.871253925142021,108.95881518220025,0,0,0,1,0,0,0,9.116200025598589,42.83650588989258,1
HKH-08959,28.217,89.812,Punatsangchu,Mochu,0.025,5020,M(e),True,0.0246926125903715,5020.0,0.7076803735194973,2.23221852600677,3.151127232445407,0,0,0,1,0,0,0,14.517867977264428,36.134986877441406,1
HKH-08963,29.886,89.598,Yarlung Zangbo,Yarlung Zangbo,0.007,5413,E(o),False,0.006975613736425242,5413.0,152.057158154761,2.23221852600677,0.0,0,1,0,0,0,0,0,11.583097618761533,40.31020736694336,0
HKH-08988,27.372,88.846,Tista,Tista,0.054,4038,E(o),False,0.05259245011917058,4038.0,12.630259009728023,0.2635437284543572,0.0,0,1,0,0,0,0,0,10.9793032252747,33.4877815246582,0
HKH-09002,29.825,84.573,Yarlung Zangbo,Maquan,0.034,5354,M(e),False,0.03343477608623739,5354.0,84.96385087102539,0.01828114185245561,0.0,0,0,0,1,0,0,0,15.31208713148217,35.30701398524927,0
HKH-09008,27.904,88.577,Tista,Zemu,0.031,4558,E(o),False,0.030529205034822874,4558.0,3.534710605997699,0.47824923001751546,1.2105069188283728,0,1,0,0,0,0,0,19.850928092384834,59.546199798583984,0
HKH-09014,28.008,88.572,Tista,Zemu,0.253,4998,M(e),True,0.22554067591393126,4998.0,2.3840581898488566,0.4140775865045259,8.467396964895267,0,0,0,1,0,0,0,6.502613974481281,25.77425193786621,1
HKH-09023,28.014,90.353,Manas,Mangdechu,0.163,5298,M(e),False,0.1510028735365274,5298.0,0.6138637996436874,1.5274606555529304,38.29970021875856,0,0,0,1,0,0,0,18.211601134646358,50.30872344970703,0
HKH-09038,27.974,88.423,Tista,Zemu,0.128,5181,M(e),False,0.12044615307586716,5181.0,0.447243888661793,0.8569115976628241,4.442337941986918,0,0,0,1,0,0,0,13.259961555895703,49.90226745605469,0
HKH-09042,27.434,88.77,Tista,Tista,0.067,3943,E(c),False,0.06485097231961631,3943.0,5.551188001529879,0.2635437284543572,0.0,1,0,0,0,0,0,0,13.278948585024947,44.79480743408203,0
HKH-09043,27.669,88.836,Tista,Changme,0.005,4674,E(o),False,0.004987541511039074,4674.0,1.51894099138666,0.14768275193280128,0.14768275193280128,0,1,0,0,0,0,0,20.858500110999895,38.63526153564453,0
HKH-09044,27.683,88.809,Tista,Changme,0.057,4461,E(c),False,0.055434706888100586,4461.0,1.884068144622035,0.05767633426414831,0.5265613832361259,1,0,0,0,0,0,0,25.681027671220477,64.57515716552734,0
HKH-09046,27.964,88.591,Tista,Zemu,0.014,4816,E(o),False,0.013902905168991422,4816.0,3.7340075942389355,0.5086821660870358,2.86615493322741,0,1,0,0,0,0,0,9.896509832659085,26.454099655151367,0
HKH-09050,27.94,88.35,Tista,Zemu,0.022,4991,M(o),False,0.02176149178151269,4991.0,4.012476159694904,1.8728820450294061,8.732137980205106,0,0,0,0,0,1,0,15.283815408931854,44.38861083984375,0
HKH-09060,27.589,88.996,Amochu,Amochu,0.011,4387,E(c),False,0.010939940038334364,4387.0,14.031131628039226,0.08249294212541988,0.0,1,0,0,0,0,0,0,16.68672254865151,36.33456039428711,0
HKH-09064,27.493,89.149,Punatsangchu,Wangchu,0.267,4064,E(c),False,0.23665190133900202,4064.0,6.24721224349248,0.08249294212541988,0.0,1,0,0,0,0,0,0,12.578418152861472,70.99901580810547,0
HKH-09074,27.972,88.725,Tista,Changme,0.017,5250,M(o),False,0.0168571170664229,5250.0,0.23987394038941462,0.17358657991636545,16.952531958501392,0,0,0,0,0,1,0,24.497790540121773,61.98597717285156,0
HKH-09079,27.965,88.369,Tista,Zemu,0.036,5058,M(e),False,0.035367143837291316,5058.0,2.2123692380184297,1.4026475141535326,14.646741853446928,0,0,0,1,0,0,0,14.484453545608195,38.29136276245117,0
HKH-09083,27.998,88.8,Tista,Zemu,0.036,5299,M(o),False,0.035367143837291316,5299.0,0.5776319028420228,0.3011906940357484,11.62087565768346,0,0,0,0,0,1,0,4.6915936322035385,17.528907775878906,0
HKH-09090,27.387,88.801,Tista,Tista,0.086,4036,E(c),False,0.08250122151174369,4036.0,9.517157334974929,0.2635437284543572,0.0,1,0,0,0,0,0,0,13.116725995041648,63.892677307128906,0
HKH-09092,27.905,88.789,Tista,Changme,0.004,5177,M(o),True,0.003992021269537453,5177.0,0.0,5.731836191000434,36.61064804450269,0,0,0,0,0,1,0,18.795892201717702,39.01273727416992,-1
HKH-09097,27.994,88.494,Tista,Zemu,0.012,5128,E(o),True,0.011928570865273802,5128.0,1.1030816201685378,0.12621433260074785,8.012918086934942,0,1,0,0,0,0,0,21.25420183416581,40.51205825805664,-1
HKH-09116,27.903,88.615,Tista,Zemu,0.042,4874,E(o),False,0.04114194333117518,4874.0,0.577299147818676,0.2846017490196159,15.145205098770964,0,1,0,0,0,0,0,15.472462359832859,34.1273193359375,0
HKH-09133,27.849,88.915,Amochu,Amochu,0.021,4772,M(o),True,0.020782539182528505,4772.0,0.33201712624381946,5.061092672465466,39.50355155864406,0,0,0,0,0,1,0,27.788161344372636,67.88616943359375,1
HKH-09138,27.485,88.217,Tista,East Rathong,0.017,4251,E(o),False,0.0168571170664229,4251.0,2.4207141683329487,0.13102898539442198,5.041057787954472,0,1,0,0,0,0,0,22.09486386498669,50.69097137451172,0
HKH-09140,27.869,88.741,Tista,Changme,0.055,5067,M(e),False,0.053540766928029816,5067.0,0.676307532433163,2.2143741863684916,18.727455132807084,0,0,0,1,0,0,0,11.460529839488316,40.33629608154297,0
HKH-09142,27.364,88.854,Tista,Tista,0.016,4264,E(c),False,0.01587334915629015,4264.0,13.758153595307505,0.2635437284543572,0.0,1,0,0,0,0,0,0,24.741964434185665,58.39170837402344,0
HKH-09148,28.067,89.848,Punatsangchu,Mochu,0.047,4762,M(e),True,0.045928931888399804,4762.0,0.3087782981276605,0.21402765027646423,33.52196340555317,0,0,0,1,0,0,0,20.543377127879,57.72626495361328,1
HKH-09149,27.599,88.182,Tista,East Rathong,0.01,4792,M(o),True,0.009950330853168083,4792.0,0.49568296108165516,1.569241545034778,41.90653650060699,0,0,0,0,0,1,0,22.951492721031144,67.64249420166016,-1
HKH-09156,27.971,88.593,Tista,Zemu,0.11,4744,E(c),False,0.10436001532424277,4744.0,3.2763820343918297,0.7135775238109139,3.4092105718151817,1,0,0,0,0,0,0,9.8362027895929,30.77851676940918,0
HKH-09157,27.672,88.513,Tista,Talung,0.338,4525,E(c),False,0.2911759617060367,4525.0,4.395007814246966,0.16886807260685907,1.5031363782893665,1,0,0,0,0,0,0,11.653782569193327,73.42398071289062,0
HKH-09158,27.956,88.358,Tista,Zemu,0.183,4984,M(e),False,0.16805358499624973,4984.0,2.902501763932726,4.414789512486298,11.967744830126685,0,0,0,1,0,0,0,6.936122552478531,27.72202491760254,0
HKH-09160,29.523,89.806,Yarlung Zangbo,Yarlung Zangbo,0.005,5491,E(o),False,0.004987541511039074,5491.0,117.01849193478242,2.23221852600677,0.0,0,1,0,0,0,0,0,14.991216256142044,48.088890075683594,0
HKH-09164,27.641,88.839,Amochu,Amochu,0.015,4806,E(o),False,0.014888612493750654,4806.0,2.926085772073959,0.14768275193280128,0.14768275193280128,0,1,0,0,0,0,0,21.518583892452433,50.760963439941406,0
HKH-09165,27.988,88.512,Tista,Zemu,0.004,4998,M(o),False,0.003992021269537453,4998.0,0.1416348673552633,2.324034338829577,11.091590852716033,0,0,0,0,0,1,0,12.526953099802174,37.157283782958984,0
HKH-09169,30.797,82.789,Yarlung Zangbo,Maquan,0.027,5702,M(o),False,0.02664193094642118,5702.0,79.81771349997744,6.748174312826132,0.0,0,0,0,0,0,1,0,16.62538976522808,33.62459945678711,0
HKH-09173,28.947,84.968,Yarlung Zangbo,Maquan,0.022,5602,E(c),False,0.02176149178151269,5602.0,7.037848049165728,0.03140312375168055,0.0,1,0,0,0,0,0,0,19.93458541940458,42.83689498901367,0
HKH-09179,27.511,88.369,Tista,Talung,0.006,4210,E(o),False,0.005982071677547464,4210.0,8.99992571129325,0.07573025401056951,0.0,0,1,0,0,0,0,0,19.20966100560185,54.76014709472656,0
HKH-09182,27.674,88.833,Tista,Changme,0.064,4600,E(c),False,0.06203539091945264,4600.0,1.8472552235393747,0.14768275193280128,0.3975910279644207,1,0,0,0,0,0,0,14.157517342048697,39.148677825927734,0
HKH-09217,27.859,89.814,Punatsangchu,Mochu,0.01,4396,E(o),False,0.009950330853168083,4396.0,4.632002420121384,0.07718053581917272,0.07718053581917272,0,1,0,0,0,0,0,23.808412805910184,50.28181076049805,0
HKH-09224,27.975,88.766,Tista,Changme,0.017,5333,E(o),False,0.0168571170664229,5333.0,1.9217687328463517,0.25840650308048707,5.5737557668504705,0,1,0,0,0,0,0,16.31504909282759,46.16157531738281,0
HKH-09227,27.892,89.367,Yarlung Zangbo,Nianchu,0.049,4975,M(e),True,0.04783732941416013,4975.0,0.426390407676052,0.8358368691945848,13.339825503410943,0,0,0,1,0,0,0,19.618889990583856,48.24345016479492,1
HKH-09235,27.748,88.25,Tista,Zemu,0.014,4923,I(s),False,0.013902905168991422,4923.0,0.0,76.12025969252765,110.69040847659534,0,0,1,0,0,0,0,9.578659967118739,47.98326873779297,0
HKH-09246,27.948,88.72,Tista,Changme,0.01,5307,E(o),False,0.009950330853168083,5307.0,1.01703371384482,1.2346172349998732,12.625858949626021,0,1,0,0,0,0,0,21.4342778356945,46.56359100341797,0
HKH-09247,27.981,88.508,Tista,Zemu,0.187,4915,E(c),False,0.171429115627531,4915.0,0.41859302666545256,2.324034338829577,9.130676545415302,1,0,0,0,0,0,0,13.387123739276106,41.27158737182617,0
HKH-09252,27.947,88.332,Tista,Zemu,0.594,5034,M(e),False,0.46624658036802324,5034.0,2.7190969504691016,1.8728820450294061,15.670458287387042,0,0,0,1,0,0,0,3.502529707018481,40.53713607788086,0
HKH-09258,27.958,88.388,Tista,Zemu,0.05,5134,M(o),False,0.04879016416943201,5134.0,1.738264051824863,1.3460945354011795,11.720136341269956,0,0,0,0,0,1,0,13.2947471867966,52.3853759765625,0
HKH-09267,27.969,88.742,Tista,Changme,0.021,5087,M(o),False,0.020782539182528505,5087.0,1.5538814030100163,0.40313695199924154,6.176112214177566,0,0,0,0,0,1,0,13.070846743790023,53.47685241699219,0
HKH-09268,27.43,88.758,Tista,Tista,0.074,4037,E(c),False,0.07138999608667294,4037.0,6.539817601644592,0.2635437284543572,0.0,1,0,0,0,0,0,0,17.688785615115187,51.320167541503906,0
HKH-09270,27.761,88.35,Tista,Zemu,0.015,4474,I(s),False,0.014888612493750654,4474.0,0.0,76.12025969252765,101.96077113203977,0,0,1,0,0,0,0,10.87696127577857,41.7335090637207,0
HKH-09271,27.397,88.787,Tista,Tista,0.023,4048,E(o),False,0.02273948696948943,4048.0,8.521751799406818,0.2635437284543572,0.0,0,1,0,0,0,0,0,24.15201908674025,63.83344268798828,0
HKH-09285,27.748,90.172,Punatsangchu,Phochu,0.021,4541,E(o),False,0.020782539182528505,4541.0,10.826645059383514,0.05843561300594132,0.0,0,1,0,0,0,0,0,18.213010668620228,46.204017639160156,0
HKH-09296,27.749,88.234,Tista,Zemu,0.11,5179,E(c),False,0.10436001532424277,5179.0,0.338054438539044,0.4159064823314432,104.11903671999896,1,0,0,0,0,0,0,21.211574876051326,57.303955078125,0
HKH-09333,29.913,82.703,Yarlung Zangbo,Maquan,0.029,5005,M(o),False,0.028587456851912555,5005.0,0.253417156446577,21.83448331835726,55.7955742966999,0,0,0,0,0,1,0,7.994192203060376,34.90692065522463,0
HKH-09335,27.402,88.769,Tista,Tista,0.081,3970,E(c),False,0.07788653865707122,3970.0,8.404558317709643,0.2635437284543572,0.0,1,0,0,0,0,0,0,17.688786370156425,53.023704528808594,0
HKH-09341,27.894,88.213,Tista,Zemu,0.098,5428,M(e),False,0.09349034308733889,5428.0,0.0,13.696857484388005,104.91132959212062,0,0,0,1,0,0,0,8.93846803816373,29.548620223999023,0
HKH-09347,27.922,88.17,Tista,Zemu,0.013,5445,M(o),False,0.012916225266546328,5445.0,0.25247021054480945,8.242226945407495,90.9699805380782,0,0,0,0,0,1,0,7.5822830855128585,23.74904441833496,0
HKH-09356,27.943,88.272,Tista,Zemu,0.068,5159,M(e),True,0.0657877405380031,5159.0,0.5645439159014783,0.13277276510908234,22.288650131833972,0,0,0,1,0,0,0,21.96755144511586,55.5042610168457,-1
HKH-09360,29.501,89.838,Yarlung Zangbo,Yarlung Zangbo,0.016,5531,E(o),False,0.01587334915629015,5531.0,115.04215607841004,2.23221852600677,0.0,0,1,0,0,0,0,0,9.750997179409929,38.28549575805664,0
HKH-09362,27.618,88.852,Amochu,Amochu,0.028,4589,E(o),False,0.027615167032973367,4589.0,4.7785782350823265,0.14768275193280128,0.14768275193280128,0,1,0,0,0,0,0,14.521129918100044,40.75923538208008,0
HKH-09373,27.859,88.237,Tista,Zemu,0.006,5423,M(o),True,0.005982071677547464,5423.0,0.5384760582046278,3.5291619005802266,98.92290710939537,0,0,0,0,0,1,0,17.56156250245009,53.96686553955078,1
HKH-09378,27.951,88.704,Tista,Changme,0.025,5035,M(o),False,0.0246926125903715,5035.0,0.4556199017637821,0.5393067163468878,23.907466700361685,0,0,0,0,0,1,0,20.748592528541426,69.89531707763672,0
HKH-09387,28.106,89.899,Punatsangchu,Phochu,0.262,4270,M(e),True,0.23269776411902143,4270.0,0.6884813710689494,2.5163237829978353,36.76735795444279,0,0,0,1,0,0,0,15.12199175900949,41.156394958496094,1
HKH-09395,27.92,88.162,Tista,Zemu,0.681,5441,M(e),False,0.5193888544264786,5441.0,0.7202741324055786,7.0960465406019235,168.80253061821242,0,0,0,1,0,0,0,2.2838259318589227,13.640836715698242,0
HKH-09396,28.123,89.513,Yarlung Zangbo,Nianchu,0.108,5203,M(e),True,0.10255658832509207,5203.0,0.861579779261221,6.419654299597857,18.877991773704373,0,0,0,1,0,0,0,15.233458218388666,37.08906936645508,1
HKH-09397,28.006,88.655,Tista,Zemu,0.045,5551,M(e),False,0.04401688541677432,5551.0,0.4639240733266511,1.210996170520948,23.82402156896487,0,0,0,1,0,0,0,15.531515514943498,56.892860412597656,0
HKH-09399,27.97,88.728,Tista,Changme,0.024,5219,M(o),False,0.023716526617316044,5219.0,0.5976538754600542,0.17358657991636545,16.456536097213718,0,0,0,0,0,1,0,15.896895210148655,35.651329040527344,0
HKH-09400,27.762,88.329,Tista,Zemu,0.004,4576,I(s),False,0.003992021269537453,4576.0,0.0,76.12025969252765,104.57041398413105,0,0,1,0,0,0,0,8.742179387402027,40.71958541870117,0
HKH-09403,27.926,88.604,Tista,Zemu,0.024,4707,E(o),False,0.023716526617316044,4707.0,3.0369540464453078,0.47824923001751546,5.964285136780498,0,1,0,0,0,0,0,15.102900655781974,45.46998977661133,0
HKH-09407,28.003,88.657,Tista,Zemu,0.031,5563,M(e),False,0.030529205034822874,5563.0,0.10270896054284588,1.210996170520948,24.4386442368912,0,0,0,1,0,0,0,19.613457203410324,50.406131744384766,0
HKH-09411,28.008,88.699,Tista,Zemu,0.814,5209,M(e),False,0.5955343516929448,5209.0,0.9475628363778228,3.8306771475876946,23.009664611284617,0,0,0,1,0,0,0,2.1701987286994826,42.6986083984375,0
HKH-09418,27.508,88.199,Tista,East Rathong,0.032,4211,E(o),False,0.03149866705937099,4211.0,1.9522887840309773,0.13102898539442198,8.259011652556758,0,1,0,0,0,0,0,31.120132342858827,69.2493896484375,0
HKH-09419,27.691,88.811,Tista,Changme,0.011,4669,E(o),False,0.010939940038334364,4669.0,1.6194339374395867,0.05767633426414831,0.5265613832361259,0,1,0,0,0,0,0,20.529174204811717,54.5797233581543,0
HKH-09421,27.908,88.466,Tista,Zemu,0.03,5014,E(c),False,0.0295588022415444,5014.0,0.6942340387535477,0.15315272529459215,1.649490763838883,1,0,0,0,0,0,0,19.76246356358641,52.85114288330078,0
HKH-09422,27.955,88.399,Tista,Zemu,0.04,5056,M(o),False,0.039220713153281295,5056.0,1.282210304323883,0.054264706768177504,10.23376309588541,0,0,0,0,0,1,0,13.610125580088491,58.6196403503418,0
HKH-09432,29.045,89.971,Yarlung Zangbo,Langkamu,0.018,5441,E(o),False,0.017839918128331,5441.0,75.74711755384837,2.23221852600677,0.0,0,1,0,0,0,0,0,23.496218036736156,46.07005310058594,0
HKH-09446,27.944,88.714,Tista,Changme,0.004,5267,E(o),False,0.003992021269537453,5267.0,0.9288594589403241,0.061343828507110496,15.58120098857801,0,1,0,0,0,0,0,12.872833466083412,38.807098388671875,0
HKH-09453,27.854,88.806,Tista,Changme,0.099,5040,E(c),False,0.09440067542148431,5040.0,0.5789295316443924,0.17609564122995852,45.05135603705382,1,0,0,0,0,0,0,11.795572635234688,30.853046417236328,0
HKH-09457,27.946,88.322,Tista,Zemu,0.014,5130,M(o),False,0.013902905168991422,5130.0,2.5821595214621382,3.6251220374033832,21.511637881231465,0,0,0,0,0,1,0,6.572884371364231,24.884965896606445,0
HKH-09458,27.755,88.253,Tista,Zemu,0.007,4865,I(s),False,0.006975613736425242,4865.0,0.0,76.12025969252765,112.20525345749502,0,0,1,0,0,0,0,13.246819124545487,53.810420989990234,0
HKH-09467,27.899,88.754,Tista,Changme,0.073,5218,E(c),False,0.07045846364856141,5218.0,0.7737808205132171,0.5731708902437488,27.56643279508984,1,0,0,0,0,0,0,10.1172644862162,31.324216842651367,0
HKH-09470,29.565,89.289,Yarlung Zangbo,Yarlung Zangbo,0.016,5431,E(o),False,0.01587334915629015,5431.0,109.84278118360999,0.06054346730615577,0.0,0,1,0,0,0,0,0,18.63612009312005,40.70537185668945,0
HKH-09471,27.467,88.75,Tista,Tista,0.2,4045,E(c),False,0.18232155679395462,4045.0,4.911996820897998,0.2635437284543572,0.2635437284543572,1,0,0,0,0,0,0,12.6606663470775,50.85272979736328,0
HKH-09477,27.961,88.65,Tista,Zemu,0.191,4953,M(e),False,0.17479329037316305,4953.0,0.2626789053588469,2.233314721866585,27.788444531267945,0,0,0,1,0,0,0,15.586783216902514,55.9585075378418,0
HKH-09488,27.965,88.769,Tista,Changme,0.014,5209,E(o),False,0.013902905168991422,5209.0,2.2200121499982273,0.25840650308048707,20.865765460116016,0,1,0,0,0,0,0,7.415681120045735,21.11899185180664,0
HKH-09504,29.857,85.39,Yarlung Zangbo,Yarlung Zangbo,0.033,5513,E(o),False,0.032467190137501496,5513.0,79.92413169495258,0.06685017934161352,0.0,0,1,0,0,0,0,0,8.147078822985087,38.08171463012695,0
HKH-09506,27.918,88.489,Tista,Zemu,0.023,4720,E(o),False,0.02273948696948943,4720.0,2.578005246763079,0.3692050827678314,1.8416920647959374,0,1,0,0,0,0,0,24.870003272675653,58.67192459106445,0
HKH-09509,27.902,88.629,Tista,Zemu,0.064,5077,M(e),False,0.06203539091945264,5077.0,0.13755850743615167,1.9970588704790861,18.742906681019626,0,0,0,1,0,0,0,9.228121492650558,27.21841049194336,0
HKH-09530,27.821,90.222,Punatsangchu,Phochu,0.008,4754,E(o),False,0.007968169649176874,4754.0,2.099127903459639,0.05843561300594132,1.9362630781928318,0,1,0,0,0,0,0,26.999223564329156,66.55648040771484,0
HKH-09536,27.973,88.755,Tista,Changme,0.016,5225,E(o),False,0.01587334915629015,5225.0,1.055551149731232,0.40313695199924154,7.511631295441279,0,1,0,0,0,0,0,13.845089581904075,41.017311096191406,0
HKH-09542,29.485,89.874,Yarlung Zangbo,Yarlung Zangbo,0.009,5452,M(o),False,0.008959741371471904,5452.0,113.76243000915997,2.23221852600677,0.0,0,0,0,0,0,1,0,7.952108839383396,19.26078224182129,0
HKH-09558,27.994,88.801,Tista,Zemu,0.082,5296,M(e),False,0.07881118042428978,5296.0,0.1960173733238955,0.3011906940357484,12.30810044527102,0,0,0,1,0,0,0,8.321071526569916,60.444183349609375,0
HKH-09561,27.429,88.753,Tista,Tista,0.026,4068,E(o),False,0.02566774674857779,4068.0,6.951080355895197,0.2635437284543572,0.0,0,1,0,0,0,0,0,19.440374031082584,50.7592887878418,0
HKH-09566,27.876,88.798,Tista,Changme,0.007,5217,M(o),False,0.006975613736425242,5217.0,0.3505981508621308,0.2901337040868863,48.42471846411203,0,0,0,0,0,1,0,16.738373392902457,46.961856842041016,0
HKH-09575,27.679,88.5,Tista,Talung,0.039,4441,E(c),False,0.03825871211709034,4441.0,3.250824728775802,0.16886807260685907,1.915268770967569,1,0,0,0,0,0,0,15.950994852945188,37.98179626464844,0
HKH-09590,28.273,90.712,Manas,Kurichu,0.015,4721,M(e),True,0.014888612493750654,4721.0,0.8438179782193734,2.064051129351043,48.96979203260853,0,0,0,1,0,0,0,22.009182891272822,46.053958892822266,1
HKH-09597,27.904,88.45,Tista,Zemu,0.015,4756,E(o),False,0.014888612493750654,4756.0,2.0997716283734533,0.15315272529459215,1.1655996606273342,0,1,0,0,0,0,0,15.027405403026174,43.330169677734375,0
HKH-09604,27.82,88.415,Tista,Zemu,0.038,4902,E(o),False,0.037295784743696894,4902.0,2.599853023185993,0.07682979219739146,0.28970185174153096,0,1,0,0,0,0,0,20.828913192169203,49.9246711730957,0
HKH-09662,27.369,89.154,Amochu,Amochu,0.017,4082,E(o),False,0.0168571170664229,4082.0,16.704610342411858,0.08249294212541988,0.0,0,1,0,0,0,0,0,13.688131542829327,44.15568923950195,0
HKH-09668,27.858,88.233,Tista,Zemu,0.02,5371,M(l),True,0.019802627296179712,5371.0,0.40358046172557294,3.5291619005802266,97.45593890505275,0,0,0,0,1,0,0,21.842450639408806,58.05259704589844,-1
HKH-09679,27.395,88.808,Tista,Tista,0.014,4182,E(o),False,0.013902905168991422,4182.0,8.928536623357237,0.2635437284543572,0.0,0,1,0,0,0,0,0,21.562395448485066,52.18815612792969,0
HKH-09683,27.629,88.564,Tista,Zemu,0.012,3850,E(o),False,0.011928570865273802,3850.0,11.188092327938614,0.16886807260685907,0.0,0,1,0,0,0,0,0,21.326563354354107,40.53357696533203,0
HKH-09689,27.389,88.823,Tista,Tista,0.022,4346,E(o),False,0.02176149178151269,4346.0,9.997996210508662,0.2635437284543572,0.0,0,1,0,0,0,0,0,14.09299899883418,39.119205474853516,0
HKH-09697,27.918,88.771,Tista,Changme,0.007,5326,M(o),True,0.006975613736425242,5326.0,0.20186617870908033,0.6981479331678735,34.59499726936482,0,0,0,0,0,1,0,10.673327021556817,31.212133407592773,0
HKH-09700,27.669,88.686,Tista,Zemu,0.081,4115,E(c),False,0.07788653865707122,4115.0,4.425322871043482,0.425721773946694,0.9938947057100276,1,0,0,0,0,0,0,21.126891379985796,62.45405578613281,0
HKH-09702,27.43,88.082,Tista,East Rathong,0.008,4428,E(o),False,0.007968169649176874,4428.0,9.23632224558506,0.06833449353037407,0.0,0,1,0,0,0,0,0,19.263388839955134,46.084266662597656,0
HKH-09704,27.993,88.796,Tista,Zemu,0.033,5278,M(e),False,0.032467190137501496,5278.0,0.2409033361229134,0.12393616356334217,12.30810044527102,0,0,0,1,0,0,0,18.328585600135025,55.82554626464844,0
HKH-09708,27.818,88.261,Tista,Zemu,0.118,5482,M(e),False,0.11154137473290741,5482.0,0.3844010591191273,1.4669682043426193,111.25518488389376,0,0,0,1,0,0,0,12.773207028270667,43.7612419128418,0
HKH-09712,27.874,88.856,Tista,Changme,0.046,5065,M(o),True,0.044973365642731154,5065.0,0.24156018657248762,0.22099695709292388,76.47698241645682,0,0,0,0,0,1,0,23.428086591120607,68.65316772460938,-1
HKH-09714,27.858,88.822,Tista,Changme,0.006,4634,M(o),False,0.005982071677547464,4634.0,0.3692851626277018,17.96066826793335,39.614917525687204,0,0,0,0,0,1,0,29.41778581432324,66.68094635009766,0
HKH-09726,27.979,88.351,Tista,Zemu,0.005,5373,M(o),False,0.004987541511039074,5373.0,0.6819669139512352,4.414789512486298,16.949038864064125,0,0,0,0,0,1,0,17.326954413784005,40.82505416870117,0
HKH-09727,27.621,88.193,Tista,Talung,0.014,4694,M(o),True,0.013902905168991422,4694.0,0.28387661665804187,26.819716252305742,45.286157292506694,0,0,0,0,0,1,0,13.723484406166074,42.426544189453125,0
HKH-09734,27.969,88.43,Tista,Zemu,0.137,4975,M(e),False,0.128393214768399,4975.0,1.3832387561940458,0.8569115976628241,4.442337941986918,0,0,0,1,0,0,0,11.170793678109964,49.0035285949707,0
HKH-09738,27.97,88.345,Tista,Zemu,0.042,5220,M(o),False,0.04114194333117518,5220.0,1.5457816304267915,4.414789512486298,17.990517011531047,0,0,0,0,0,1,0,20.555202456842604,56.82907485961914,0
HKH-09745,27.864,88.746,Tista,Changme,0.18,5081,M(e),False,0.16551443847757338,5081.0,0.0,2.2143741863684916,21.39641520124309,0,0,0,1,0,0,0,9.122643634062479,38.51999282836914,0
HKH-09752,27.478,88.775,Tista,Tista,0.101,4628,E(c),False,0.09621885774054292,4628.0,1.8451693891565277,0.2635437284543572,0.2635437284543572,1,0,0,0,0,0,0,18.728475393352127,52.744808197021484,0
HKH-09755,27.996,88.498,Tista,Zemu,0.031,5193,E(o),True,0.030529205034822874,5193.0,1.2143591962616953,2.324034338829577,10.447610541480266,0,1,0,0,0,0,0,16.483704347962846,59.83488845825195,-1
HKH-09756,27.978,88.778,Tista,Changme,0.005,5421,E(o),False,0.004987541511039074,5421.0,0.6198102731870804,0.25840650308048707,19.04640927719833,0,1,0,0,0,0,0,22.952182717264446,46.104103088378906,0
HKH-09764,27.844,88.262,Tista,Zemu,0.016,5314,M(o),False,0.01587334915629015,5314.0,1.8498436252674881,9.809132233226626,111.38651659290842,0,0,0,0,0,1,0,10.833500873522718,27.739530563354492,0
HKH-09770,28.036,89.894,Punatsangchu,Phochu,0.058,5194,M(e),True,0.05638033343610764,5194.0,0.4174512536543823,0.5124068899678015,15.736144170028114,0,0,0,1,0,0,0,14.042748408309237,40.24372863769531,1
HKH-09780,27.866,89.879,Punatsangchu,Phochu,0.032,4347,E(c),False,0.03149866705937099,4347.0,5.5300013821693295,0.07718053581917272,0.0,1,0,0,0,0,0,0,23.07959381835166,55.90434646606445,0
HKH-09786,27.814,88.27,Tista,Zemu,0.017,5665,M(o),False,0.0168571170664229,5665.0,0.10813247896584939,0.429695902709449,111.4588924623777,0,0,0,0,0,1,0,11.8851233635649,33.92958068847656,0
HKH-09787,27.662,88.69,Tista,Changme,0.178,4279,E(c),False,0.16381808522939495,4279.0,4.858471466347601,0.425721773946694,0.425721773946694,1,0,0,0,0,0,0,18.393457835171784,57.01845932006836,0
HKH-09794,27.842,89.24,Yarlung Zangbo,Nianchu,0.007,5405,M(o),True,0.006975613736425242,5405.0,2.0763805691009978,0.05425712772243996,15.412488099234467,0,0,0,0,0,1,0,17.583376971243176,47.763511657714844,1
HKH-09802,27.62,88.191,Tista,Talung,0.006,4694,M(o),True,0.005982071677547464,4694.0,0.4459122510048329,26.819716252305742,45.101384251657805,0,0,0,0,0,1,0,10.458976965803767,35.41438674926758,-1
HKH-09807,28.059,88.631,Tista,Zemu,0.035,4917,E(o),False,0.0344014267173324,4917.0,5.300359225704455,0.1395565186174974,0.0,0,1,0,0,0,0,0,3.510438986325041,10.901192665100098,0
HKH-09809,27.827,88.851,Tista,Changme,0.018,4792,M(o),False,0.017839918128331,4792.0,0.9433837769493493,0.17410965596922204,22.01518886808435,0,0,0,0,0,1,0,21.21831160549569,51.56195068359375,0
HKH-09815,27.831,88.848,Tista,Changme,0.035,4783,M(o),False,0.0344014267173324,4783.0,1.1667611503601645,0.17410965596922204,21.93019511255357,0,0,0,0,0,1,0,16.186346490644695,46.94285583496094,0
HKH-09819,27.969,88.629,Tista,Zemu,0.005,5140,M(o),False,0.004987541511039074,5140.0,0.1995205925156481,0.9252069702277113,22.235129304076438,0,0,0,0,0,1,0,23.18980830431617,60.76181411743164,0
HKH-09821,27.7,88.476,Tista,Talung,0.01,4549,E(o),False,0.009950330853168083,4549.0,1.9575885522413061,1.0947644976114634,3.711319344170865,0,1,0,0,0,0,0,26.481504948606197,66.85063934326172,0
HKH-09836,27.873,88.801,Tista,Changme,0.042,5081,M(e),False,0.04114194333117518,5081.0,0.18587694315751951,0.2901337040868863,47.33765107378278,0,0,0,1,0,0,0,17.93215931225734,59.021026611328125,0
HKH-09838,27.432,88.087,Tista,East Rathong,0.016,4395,E(o),False,0.01587334915629015,4395.0,9.226376837347338,0.06833449353037407,0.0,0,1,0,0,0,0,0,19.886109559175377,45.89358901977539,0
HKH-09854,27.823,88.251,Tista,Zemu,0.299,5409,M(o),False,0.2615947376884625,5409.0,0.0,9.809132233226626,113.63592028911492,0,0,0,0,0,1,0,4.614103044300977,25.4133358001709,0
HKH-09881,30.528,83.061,Yarlung Zangbo,Maquan,0.037,5561,E(o),False,0.036331929247390274,5561.0,69.94511141317601,21.83448331835726,0.0,0,1,0,0,0,0,0,10.424511948152007,33.94880294799805,0
HKH-09887,28.089,89.492,Yarlung Zangbo,Nianchu,0.01,5168,M(o),True,0.009950330853168083,5168.0,0.43328261197640533,0.8569800239896727,12.34445714706518,0,0,0,0,0,1,0,20.808411096842253,46.23179244995117,1
HKH-09925,27.886,88.265,Tista,Zemu,0.103,5113,M(e),False,0.09803374027136541,5113.0,2.171393752261776,0.8235886057560445,6.29144359917752,0,0,0,1,0,0,0,5.579357583307385,20.050567626953125,0
HKH-09958,27.892,88.261,Tista,Zemu,0.061,5109,M(o),False,0.05921185963184608,5109.0,2.0310297355274245,0.8235886057560445,14.230389452000356,0,0,0,0,0,1,0,7.263776981682607,24.576601028442383,0
HKH-09974,27.95,88.71,Tista,Changme,0.006,5039,M(o),False,0.005982071677547464,5039.0,0.7965276982700595,1.2346172349998732,20.603648219424002,0,0,0,0,0,1,0,16.748892131967047,42.57748794555664,0
HKH-09981,27.986,89.588,Punatsangchu,Mochu,0.007,4969,E(o),False,0.006975613736425242,4969.0,2.621022375207735,1.582240494377807,2.3243723814421626,0,1,0,0,0,0,0,17.025290791058236,40.54594421386719,0
HKH-10003,29.483,89.908,Yarlung Zangbo,Yarlung Zangbo,0.054,5382,E(o),False,0.05259245011917058,5382.0,113.88838336421617,2.23221852600677,0.0,0,1,0,0,0,0,0,9.944009911899002,31.75716209411621,0
HKH-10008,27.897,88.326,Tista,Zemu,0.021,5218,E(o),False,0.020782539182528505,5218.0,4.129141646981419,0.2481953323150502,0.2481953323150502,0,1,0,0,0,0,0,11.303779202643472,32.69615936279297,0
HKH-10010,27.743,88.243,Tista,Zemu,0.004,4966,I(s),False,0.003992021269537453,4966.0,0.0,76.12025969252765,103.91759100359253,0,0,1,0,0,0,0,14.290097184592568,41.24030303955078,0
HKH-10014,28.008,88.683,Tista,Zemu,0.021,5624,M(e),False,0.020782539182528505,5624.0,0.018775821583633348,0.31817664671783097,26.018058766501447,0,0,0,1,0,0,0,23.857157737746487,69.70690155029297,0
HKH-10023,28.969,90.224,Yarlung Zangbo,Langkamu,0.046,5320,M(e),False,0.044973365642731154,5320.0,65.57404064753946,3.197624506677556,0.0,0,0,0,1,0,0,0,15.366406459846802,45.742225646972656,0
HKH-10033,28.006,88.742,Tista,Zemu,0.005,5219,M(o),False,0.004987541511039074,5219.0,1.331776373375582,0.40313695199924154,5.220852402444284,0,0,0,0,0,1,0,12.412397586665964,63.925899505615234,0
HKH-10050,27.825,88.796,Tista,Changme,0.025,4672,M(o),False,0.0246926125903715,4672.0,1.4126417967366536,0.26848128675600597,28.784810337982396,0,0,0,0,0,1,0,19.368322701323745,69.32306671142578,0
HKH-10054,29.9,89.48,Yarlung Zangbo,Xiangqu,0.008,5381,E(o),False,0.007968169649176874,5381.0,147.64533966903699,0.06054346730615577,0.0,0,1,0,0,0,0,0,22.691222401450936,57.24342346191406,0
HKH-10066,29.852,89.578,Yarlung Zangbo,Yarlung Zangbo,0.039,5372,E(o),False,0.03825871211709034,5372.0,149.46813613422734,2.23221852600677,0.0,0,1,0,0,0,0,0,7.88152037291921,18.816965103149414,0
HKH-10083,27.961,88.433,Tista,Zemu,0.01,5076,M(o),False,0.009950330853168083,5076.0,2.0775896201363393,0.8569115976628241,3.2265883622115443,0,0,0,0,0,1,0,10.21251984325596,46.017940521240234,0
HKH-10084,27.879,88.265,Tista,Zemu,0.032,5157,M(o),False,0.03149866705937099,5157.0,2.0408587208355833,0.8235886057560445,7.084824092669533,0,0,0,0,0,1,0,9.311658546819126,21.802461624145508,0
HKH-10088,28.024,90.636,Manas,Chamkharchu,0.007,5168,M(o),False,0.006975613736425242,5168.0,0.3726778498809877,0.4629380155101884,16.875905813497578,0,0,0,0,0,1,0,16.568385573154565,37.62754821777344,0
HKH-10101,27.409,88.777,Tista,Tista,0.011,3960,E(o),False,0.010939940038334364,3960.0,7.546018050333342,0.2635437284543572,0.0,0,1,0,0,0,0,0,20.38136152435654,58.64745330810547,0
HKH-10135,27.788,88.343,Tista,Zemu,0.029,5104,M(o),False,0.028587456851912555,5104.0,0.2296529668405252,0.05668251654130924,90.43244744290702,0,0,0,0,0,1,0,15.651891574136247,55.35161590576172,0
HKH-10152,29.608,86.121,Yarlung Zangbo,Dogxung Zangbo,0.005,5760,E(o),False,0.004987541511039074,5760.0,58.963766582039604,0.3073029283197529,0.0,0,1,0,0,0,0,0,15.348542432217496,44.295841217041016,0
HKH-10182,27.996,88.431,Tista,Zemu,0.014,5147,M(o),False,0.013902905168991422,5147.0,1.082259166737464,0.020132003771007274,4.442337941986918,0,0,0,0,0,1,0,17.11451263295504,62.4053955078125,0
HKH-10183,27.878,88.814,Tista,Changme,0.012,5016,M(o),False,0.011928570865273802,5016.0,0.3338302614819827,0.5503460721036013,47.520620213637756,0,0,0,0,0,1,0,18.528153613651455,58.87555694580078,0
HKH-10215,28.008,88.738,Tista,Zemu,0.042,5245,M(o),False,0.04114194333117518,5245.0,1.6860049509645256,0.40313695199924154,5.802140853291455,0,0,0,0,0,1,0,16.058331841601987,55.924957275390625,0
HKH-10216,27.433,88.09,Tista,East Rathong,0.008,4393,E(o),False,0.007968169649176874,4393.0,9.25603730339202,0.06833449353037407,0.0,0,1,0,0,0,0,0,11.778632434457132,36.096927642822266,0
HKH-10235,27.743,88.834,Tista,Changme,0.027,4822,E(o),False,0.02664193094642118,4822.0,2.8369416563197714,0.48875296500793386,0.8620033042173658,0,1,0,0,0,0,0,16.651566441259344,40.17210388183594,0
HKH-10238,27.727,88.228,Tista,Zemu,0.004,5078,I(s),False,0.003992021269537453,5078.0,0.0,76.12025969252765,120.40007952841182,0,0,1,0,0,0,0,6.202900605924245,19.466075897216797,0
HKH-10261,27.973,88.439,Tista,Zemu,0.093,5065,M(o),False,0.0889262091944015,5065.0,2.333170764147061,0.8569115976628241,3.219638321303802,0,0,0,0,0,1,0,6.016090224725263,15.274724006652832,0
HKH-10262,27.761,88.336,Tista,Zemu,0.01,4534,I(s),False,0.009950330853168083,4534.0,0.0,76.12025969252765,102.16104659046182,0,0,1,0,0,0,0,7.539179767310189,22.1511173248291,0
HKH-10265,27.76,88.289,Tista,Zemu,0.011,4771,I(s),False,0.010939940038334364,4771.0,0.0,76.12025969252765,109.84255928960445,0,0,1,0,0,0,0,9.55764260410319,28.084476470947266,0
HKH-10284,28.002,90.139,Punatsangchu,Phochu,0.154,5060,M(e),False,0.1432341680859078,5060.0,0.771707436014831,0.8841871587636707,6.758828917135796,0,0,0,1,0,0,0,9.06191178082236,41.16643142700195,0
HKH-10286,27.743,90.568,Manas,Chamkharchu,0.025,4410,E(c),False,0.0246926125903715,4410.0,7.6666325238275785,0.05531848765494583,0.0,1,0,0,0,0,0,0,24.16735101111983,61.35464859008789,0
HKH-10295,27.92,88.314,Tista,Zemu,0.103,5111,E(c),False,0.09803374027136541,5111.0,1.9218615158113073,0.2481953323150502,8.465417107244274,1,0,0,0,0,0,0,13.780100234880056,35.172359466552734,0
HKH-10299,27.452,88.07,Tista,East Rathong,0.01,4300,E(o),False,0.009950330853168083,4300.0,6.954286095840319,0.06833449353037407,0.0,0,1,0,0,0,0,0,29.009408819115567,62.53054428100586,0
HKH-10300,27.438,88.083,Tista,East Rathong,0.137,4280,E(c),False,0.128393214768399,4280.0,8.552582609861297,0.06833449353037407,0.0,1,0,0,0,0,0,0,13.560203523021377,41.629737854003906,0
HKH-10308,27.441,88.764,Tista,Tista,0.014,4188,E(c),False,0.013902905168991422,4188.0,5.297901203356859,0.2635437284543572,0.0,1,0,0,0,0,0,0,18.13608265620161,63.42424392700195,0
HKH-10311,29.749,88.246,Yarlung Zangbo,Yarlung Zangbo,0.071,5617,E(o),False,0.06859279146561172,5617.0,115.29174442103488,1.2719966731836005,0.0,0,1,0,0,0,0,0,10.314287442883153,34.80915451049805,0
HKH-10314,27.449,88.073,Tista,East Rathong,0.012,4412,E(o),False,0.011928570865273802,4412.0,7.283948950547243,0.06833449353037407,0.0,0,1,0,0,0,0,0,27.935356050556724,53.79527282714844,0
HKH-10347,27.821,88.247,Tista,Zemu,0.053,5413,M(o),False,0.05164323315183845,5413.0,0.0,9.809132233226626,113.42677055759955,0,0,0,0,0,1,0,7.9628316027411845,28.713109970092773,0
HKH-10367,27.676,90.406,Manas,Mangdechu,0.007,4309,E(o),False,0.006975613736425242,4309.0,16.752806361495356,0.18648581637846345,0.0,0,1,0,0,0,0,0,18.13585710308295,38.50508499145508,0
HKH-10368,27.764,88.357,Tista,Zemu,0.014,4439,I(s),False,0.013902905168991422,4439.0,0.0,76.12025969252765,96.05005281253547,0,0,1,0,0,0,0,7.369587974200025,20.866783142089844,0
HKH-10378,27.966,88.322,Tista,Zemu,0.007,5104,M(o),False,0.006975613736425242,5104.0,1.125496482480276,3.6251220374033832,21.794828356297028,0,0,0,0,0,1,0,20.455586268186185,66.1654052734375,0
HKH-10384,27.937,88.267,Tista,Zemu,0.076,5213,M(e),True,0.07325046173959267,5213.0,0.41580622055198396,0.22193789901162772,21.69285491076515,0,0,0,1,0,0,0,17.106983153796314,41.40846252441406,-1
HKH-10389,27.844,89.941,Punatsangchu,Phochu,0.016,4619,E(o),False,0.01587334915629015,4619.0,4.902682562168221,0.3586403154164673,0.3586403154164673,0,1,0,0,0,0,0,21.21314868679753,48.58148193359375,0
HKH-10401,27.764,88.305,Tista,Zemu,0.02,4679,I(s),False,0.019802627296179712,4679.0,0.0,76.12025969252765,119.06907224987832,0,0,1,0,0,0,0,11.579718298502735,33.31669235229492,0
HKH-10427,27.496,88.094,Tista,East Rathong,0.012,4722,E(o),False,0.011928570865273802,4722.0,3.5744869727318136,0.5723351827624152,3.104321293772365,0,1,0,0,0,0,0,23.934590762446064,49.6026611328125,0
HKH-10432,29.609,86.123,Yarlung Zangbo,Dogxung Zangbo,0.028,5756,E(o),False,0.027615167032973367,5756.0,59.06525496312814,0.3073029283197529,0.0,0,1,0,0,0,0,0,17.264827296641542,43.32285690307617,0
HKH-10433,27.831,88.318,Tista,Zemu,0.098,5208,M(o),False,0.09349034308733889,5208.0,0.43532816489125725,0.8862658234601493,17.618037797845183,0,0,0,0,0,1,0,16.58178627633141,49.31999206542969,0
HKH-10457,27.308,88.84,Tista,Tista,0.02,3978,E(o),False,0.019802627296179712,3978.0,17.755503383297228,0.2635437284543572,0.0,0,1,0,0,0,0,0,16.221844496858505,40.08143615722656,0
HKH-10458,27.442,88.752,Tista,Tista,0.095,4051,E(c),False,0.09075436326846414,4051.0,6.103413152512016,0.2635437284543572,0.0,1,0,0,0,0,0,0,16.216607139639525,48.58771514892578,0
HKH-10459,28.004,89.693,Punatsangchu,Mochu,0.017,4379,E(o),False,0.0168571170664229,4379.0,9.204704586604931,0.1409572656107021,0.0,0,1,0,0,0,0,0,23.556176669819077,49.33058166503906,0
HKH-10460,27.916,88.767,Tista,Changme,0.007,5307,M(o),False,0.006975613736425242,5307.0,0.7039303294808221,0.6981479331678735,33.31893799237029,0,0,0,0,0,1,0,13.096997575311793,39.557064056396484,0
HKH-10462,27.42,88.799,Tista,Tista,0.019,4403,E(o),False,0.01882175424058776,4403.0,6.4471877880937365,0.2635437284543572,0.0,0,1,0,0,0,0,0,17.56105517414494,46.08424758911133,0
HKH-10466,27.412,88.087,Tista,East Rathong,0.004,4192,E(o),False,0.003992021269537453,4192.0,11.00414288767352,0.06833449353037407,0.0,0,1,0,0,0,0,0,17.580000784778935,35.053871154785156,0
HKH-10469,27.97,88.477,Tista,Zemu,0.011,4943,E(o),False,0.010939940038334364,4943.0,1.1352223680189129,0.48389110321154877,4.710992471461085,0,1,0,0,0,0,0,16.12028211572632,65.1781234741211,0
HKH-10478,27.813,90.254,Manas,Mangdechu,0.115,4810,M(e),True,0.10885440491208209,4810.0,1.69423168958824,0.22513431409614929,2.0855367838348817,0,0,0,1,0,0,0,12.510574014843986,48.64326858520508,1
HKH-10480,27.961,88.471,Tista,Zemu,0.038,4748,M(e),False,0.037295784743696894,4748.0,1.130768924711174,0.17994789347041623,4.015544711509927,0,0,0,1,0,0,0,12.380121477369332,44.76750183105469,0
HKH-10484,27.407,88.791,Tista,Tista,0.016,4210,E(c),False,0.01587334915629015,4210.0,7.581509792911878,0.2635437284543572,0.0,1,0,0,0,0,0,0,31.02435217945443,67.36177062988281,0
HKH-10485,27.758,88.265,Tista,Zemu,0.005,4859,I(s),False,0.004987541511039074,4859.0,0.0,76.12025969252765,113.95941125012473,0,0,1,0,0,0,0,8.137073369055736,25.21428680419922,0
HKH-10492,27.848,88.868,Tista,Changme,0.053,4921,M(o),True,0.05164323315183845,4921.0,1.1827391936300502,0.3100017516109573,59.42299150250787,0,0,0,0,0,1,0,15.785802332311201,45.255313873291016,-1
HKH-10496,27.932,88.284,Tista,Zemu,0.01,5321,M(o),True,0.009950330853168083,5321.0,1.0551684741178868,0.2481953323150502,21.368258579610234,0,0,0,0,0,1,0,20.11734984220001,51.83953857421875,-1
HKH-10498,27.867,88.633,Tista,Zemu,0.009,4966,M(o),False,0.008959741371471904,4966.0,0.3695224922535655,0.33913502720308353,27.340649556456004,0,0,0,0,0,1,0,18.876559700597703,44.142417907714844,0
HKH-10513,27.759,88.264,Tista,Zemu,0.012,4859,I(s),False,0.011928570865273802,4859.0,0.0,76.12025969252765,114.66099776507657,0,0,1,0,0,0,0,11.367802142312827,34.742549896240234,0
HKH-10520,27.491,88.051,Tista,East Rathong,0.014,4461,E(o),False,0.013902905168991422,4461.0,3.5192096579877097,0.06833449353037407,1.7607001892577,0,1,0,0,0,0,0,13.076624228222332,32.38444900512695,0
HKH-10548,27.839,88.875,Tista,Changme,0.007,5149,M(o),False,0.006975613736425242,5149.0,0.9686319718748543,0.12670354455047161,59.42299150250787,0,0,0,0,0,1,0,19.384465396451457,53.596710205078125,0
HKH-10551,27.412,88.794,Tista,Tista,0.032,4366,E(c),False,0.03149866705937099,4366.0,7.127528472849434,0.2635437284543572,0.0,1,0,0,0,0,0,0,25.258629030258213,62.933433532714844,0
HKH-10556,27.928,88.667,Tista,Changme,0.019,5108,M(o),False,0.01882175424058776,5108.0,0.8585987314836154,1.9610716638780181,30.289177760169878,0,0,0,0,0,1,0,10.031350538635586,31.15045166015625,0
HKH-10582,27.851,88.876,Tista,Changme,0.044,4987,M(o),True,0.04305948946044697,4987.0,0.8165545866004414,0.3100017516109573,59.42299150250787,0,0,0,0,0,1,0,19.186037668368655,57.548702239990234,-1
HKH-10584,27.669,88.497,Tista,Talung,0.067,4083,E(c),False,0.06485097231961631,4083.0,4.116415840357045,0.16886807260685907,1.5031363782893665,1,0,0,0,0,0,0,21.08601664704653,46.76619338989258,0
HKH-10585,27.869,88.845,Tista,Changme,0.008,5068,M(o),False,0.007968169649176874,5068.0,0.3644419823363344,0.0763980142926561,71.7260299551522,0,0,0,0,0,1,0,15.29779023083841,43.76713562011719,-1
HKH-10588,30.59,90.927,Yarlung Zangbo,Lhasa,0.011,5466,E(o),False,0.010939940038334364,5466.0,187.12126489707023,0.08623303928593473,0.0,0,1,0,0,0,0,0,17.801203900477365,48.76884841918945,0
HKH-10632,30.499,90.948,Yarlung Zangbo,Lhasa,0.143,5236,E(o),False,0.13365638481267358,5236.0,178.6949857075547,0.08623303928593473,0.0,0,1,0,0,0,0,0,12.23404935072643,47.87267303466797,0
HKH-10633,27.346,88.819,Tista,Tista,0.192,3542,O,False,0.17563256864315802,3542.0,13.660057114161779,0.2635437284543572,0.0,0,0,0,0,0,0,1,16.000617414565042,41.31755447387695,0
HKH-10688,30.555,83.016,Yarlung Zangbo,Maquan,0.022,5711,M(o),False,0.02176149178151269,5711.0,68.84454871793004,21.83448331835726,0.0,0,0,0,0,0,1,0,6.120315958871871,16.762550354003906,0
HKH-10703,30.576,82.942,Yarlung Zangbo,Maquan,0.022,5770,M(o),False,0.02176149178151269,5770.0,66.19430830896923,21.83448331835726,0.0,0,0,0,0,0,1,0,10.518006588576021,43.9530029296875,0
HKH-10791,29.248,83.541,Yarlung Zangbo,Maquan,0.082,5603,M(o),False,0.07881118042428978,5603.0,5.511877530728361,0.20828538641217767,0.0,0,0,0,0,0,1,0,7.8470902782558705,26.71112632751465,0
HKH-10820,29.791,84.66,Yarlung Zangbo,Yarlung Zangbo,0.016,5725,M(o),False,0.01587334915629015,5725.0,82.88794160255506,0.01828114185245561,0.0,0,0,0,0,0,1,0,21.399471498354174,61.499324798583984,0
HKH-10839,28.931,84.335,Yarlung Zangbo,Maquan,0.009,5336,E(o),False,0.008959741371471904,5336.0,6.672845827582197,1.1615613936507925,0.0,0,1,0,0,0,0,0,10.94983558074077,25.864328384399414,0
HKH-10867,29.936,86.422,Yarlung Zangbo,Dogxung Zangbo,0.104,5474,E(o),False,0.09893994785490356,5474.0,96.47100667650612,0.3073029283197529,0.0,0,1,0,0,0,0,0,6.570260119181311,17.93126678466797,0
HKH-10913,29.529,87.266,Yarlung Zangbo,Dogxung Zangbo,0.017,5662,E(o),False,0.0168571170664229,5662.0,67.98416926855388,0.023095951003239225,0.0,0,1,0,0,0,0,0,16.955737981371207,41.23234558105469,0
HKH-11058,30.296,90.547,Yarlung Zangbo,Lhasa,0.012,5407,M(e),False,0.011928570865273802,5407.0,175.2061798688394,0.08623303928593473,0.0,0,0,0,1,0,0,0,17.866396634382287,42.1535758972168,0
HKH-11076,30.14,90.454,Yarlung Zangbo,Lhasa,0.01,5379,M(o),False,0.009950330853168083,5379.0,166.8845696405115,0.34466571498272425,0.0,0,0,0,0,0,1,0,17.004272718175596,44.3415412902832,0
HKH-11084,30.031,90.156,Yarlung Zangbo,Lhasa,0.011,5618,M(e),False,0.010939940038334364,5618.0,161.8294374963811,3.197624506677556,0.0,0,0,0,1,0,0,0,9.989376843310701,26.8079833984375,0
HKH-11124,29.503,90.465,Yarlung Zangbo,Yarlung Zangbo,0.011,5536,E(o),False,0.010939940038334364,5536.0,110.67504796110579,11.345157009583618,0.0,0,1,0,0,0,0,0,14.54961747016568,44.14475631713867,0
HKH-11187,28.393,90.122,Yarlung Zangbo,Langkamu,0.029,5621,E(o),False,0.028587456851912555,5621.0,18.126698562453537,32.4904983577458,0.0,0,1,0,0,0,0,0,15.382152285783329,70.52386474609375,0
HKH-11192,28.353,90.092,Yarlung Zangbo,Nianchu,0.028,5637,M(o),False,0.027615167032973367,5637.0,14.915389765141471,32.4904983577458,0.0,0,0,0,0,0,1,0,17.575561991435357,42.563777923583984,0
HKH-11197,28.381,90.027,Yarlung Zangbo,Nianchu,0.009,5495,M(o),False,0.008959741371471904,5495.0,18.979996452866125,24.698020452486805,0.0,0,0,0,0,0,1,0,13.468988495623206,32.79475021362305,0
HKH-11312,28.063,90.031,Punatsangchu,Phochu,0.033,4391,I(s),False,0.032467190137501496,4391.0,0.0,24.698020452486805,26.26316372535196,0,0,1,0,0,0,0,3.8833952931383737,16.45128462658415,0
HKH-11344,27.267,89.698,Punatsangchu,Wangchu,0.017,4330,E(o),False,0.0168571170664229,4330.0,48.51714850762876,0.21292343962926064,0.0,0,1,0,0,0,0,0,16.58236472677936,65.44795738647011,0
HKH-11397,29.551,87.272,Yarlung Zangbo,Dogxung Zangbo,0.003,5749,E(o),False,0.002995508979798479,5749.0,69.58431261841763,0.023095951003239225,0.0,0,1,0,0,0,0,0,21.047259931181863,54.30412673950195,0
HKH-11415,28.016,88.707,Tista,Zemu,0.009,5211,M(e),False,0.008959741371471904,5211.0,1.765554183089497,1.4066243734989126,17.331096264294526,0,0,0,1,0,0,0,13.936611916864077,35.613372802734375,0
HKH-11416,28.031,88.784,Tista,Zemu,0.01,5277,O,False,0.009950330853168083,5277.0,3.926041538122824,0.06884398761049279,0.8981313701640276,0,0,0,0,0,0,1,3.729607706730855,13.480762481689453,0
HKH-11417,28.004,88.62,Tista,Zemu,0.023,4972,M(e),False,0.02273948696948943,4972.0,0.2306067376197094,0.7135775238109139,12.412203024404603,0,0,0,1,0,0,0,18.171737764494516,60.050174713134766,0
HKH-11418,27.928,88.193,Tista,Zemu,0.014,5398,M(o),True,0.013902905168991422,5398.0,0.15191532728990514,0.9767030691937598,61.56375086356454,0,0,0,0,0,1,0,16.246420998690013,57.665443420410156,-1
HKH-11419,27.888,88.208,Tista,Zemu,0.013,5469,M(e),False,0.012916225266546328,5469.0,0.0,13.696857484388005,119.14158269322468,0,0,0,1,0,0,0,10.563691371710592,28.142542549679955,0
HKH-11420,27.787,88.413,Tista,Zemu,0.036,4721,E(o),False,0.035367143837291316,4721.0,2.000845985035211,0.05582642365320013,76.49467007441086,0,1,0,0,0,0,0,21.74408080730853,56.584259033203125,0
HKH-11421,27.765,88.347,Tista,Zemu,0.014,4477,I(s),False,0.013902905168991422,4477.0,0.0,76.12025969252765,101.35865075128909,0,0,1,0,0,0,0,9.379918459446433,28.16673469543457,0
HKH-11422,27.734,88.242,Tista,Zemu,0.019,4999,I(s),False,0.01882175424058776,4999.0,0.0,76.12025969252765,106.55234399160952,0,0,1,0,0,0,0,6.961717771316718,21.554452896118164,0
HKH-11423,27.708,88.381,Tista,Talung,0.019,4819,M(l),False,0.01882175424058776,4819.0,0.33706601831756733,0.2731688066642637,96.6048276687513,0,0,0,0,1,0,0,26.62443892648957,69.76155090332031,0
HKH-11424,27.681,88.504,Tista,Talung,0.022,4464,E(c),False,0.02176149178151269,4464.0,3.2091632834875465,0.16886807260685907,1.915268770967569,1,0,0,0,0,0,0,18.54240231633313,45.95584487915039,0
HKH-11425,27.683,88.503,Tista,Talung,0.006,4501,E(c),False,0.005982071677547464,4501.0,2.9945037956287828,0.16886807260685907,2.6501182368250027,1,0,0,0,0,0,0,18.621965368408173,70.00276947021484,0
HKH-11426,27.682,88.501,Tista,Talung,0.009,4496,E(c),False,0.008959741371471904,4496.0,3.0095361441108768,0.16886807260685907,2.6501182368250027,1,0,0,0,0,0,0,20.09098399259386,66.18896484375,0
HKH-11427,27.54,88.083,Tista,East Rathong,0.014,4903,M(e),False,0.013902905168991422,4903.0,0.23880339589120916,1.3651108212177532,21.784667966824028,0,0,0,1,0,0,0,24.25508627709884,53.216453552246094,0
HKH-11428,27.502,88.072,Tista,East Rathong,0.005,4672,E(o),False,0.004987541511039074,4672.0,2.523048132503278,0.06833449353037407,8.407638168354211,0,1,0,0,0,0,0,17.29982973265905,35.06999969482422,0
HKH-11429,27.757,88.606,Tista,Zemu,0.054,4423,E(c),False,0.05259245011917058,4423.0,5.151549032625606,0.06746833413125451,0.0,1,0,0,0,0,0,0,27.95068338004043,65.4738540649414,0
HKH-11430,27.76,88.625,Tista,Zemu,0.017,4016,E(o),False,0.0168571170664229,4016.0,4.529895110689806,0.06746833413125451,0.4293935993527591,0,1,0,0,0,0,0,18.77522219116662,66.19165802001953,0
HKH-11431,27.723,88.675,Tista,Zemu,0.049,4289,E(o),False,0.04783732941416013,4289.0,2.7003220388065645,0.5681729317633335,1.4930247325184358,0,1,0,0,0,0,0,15.738820368636564,54.916351318359375,0
HKH-11432,27.729,88.684,Tista,Zemu,0.031,4339,E(o),False,0.030529205034822874,4339.0,1.9512745425602327,0.5681729317633335,1.4930247325184358,0,1,0,0,0,0,0,19.33939990662796,61.03168869018555,0
HKH-11433,27.723,88.69,Tista,Zemu,0.113,4472,E(c),False,0.10705907229340778,4472.0,1.0522852690514535,0.5681729317633335,1.4930247325184358,1,0,0,0,0,0,0,15.858423660003274,58.20744705200195,0
HKH-11434,27.742,88.692,Tista,Zemu,0.021,4669,E(c),False,0.020782539182528505,4669.0,1.2308815348866338,0.2171237070117438,1.4930247325184358,1,0,0,0,0,0,0,18.309313521614357,44.30198669433594,0
HKH-11435,27.732,88.711,Tista,Changme,0.014,4813,E(c),False,0.013902905168991422,4813.0,0.784279205973973,0.2171237070117438,1.4930247325184358,1,0,0,0,0,0,0,25.19639147102605,53.79939270019531,0
HKH-11436,27.756,88.647,Tista,Zemu,0.008,4239,E(o),False,0.007968169649176874,4239.0,4.707842155790491,0.2134450714612559,0.2134450714612559,0,1,0,0,0,0,0,24.553945362186134,45.40970993041992,0
HKH-11437,27.816,88.657,Tista,Changme,0.16,4594,M(e),False,0.14842000511827327,4594.0,0.5205439989048343,1.942843036792865,13.821113620633374,0,0,0,1,0,0,0,10.330739546297481,41.35613250732422,0
HKH-11438,27.848,88.674,Tista,Changme,0.02,4619,M(o),False,0.019802627296179712,4619.0,0.37038276496546446,1.466830763070753,20.10947430358521,0,0,0,0,0,1,0,23.740550454336375,52.26563262939453,0
HKH-11439,27.794,88.601,Tista,Zemu,0.014,4438,E(c),False,0.013902905168991422,4438.0,2.589785872002307,0.06746833413125451,3.172467271225828,1,0,0,0,0,0,0,21.026573684520702,52.4686164855957,0
HKH-11440,27.883,88.583,Tista,Zemu,0.014,4487,E(o),False,0.013902905168991422,4487.0,2.543977029899524,0.47824923001751546,5.195643713978866,0,1,0,0,0,0,0,19.39198444764057,50.398616790771484,0
HKH-11441,27.882,88.619,Tista,Zemu,0.006,5241,M(o),False,0.005982071677547464,5241.0,0.03587380581924966,0.19556396493029343,24.3832689887365,0,0,0,0,0,1,0,25.23437569778402,47.196502685546875,0
HKH-11442,27.946,88.521,Tista,Zemu,0.01,4908,E(o),False,0.009950330853168083,4908.0,1.8468423816450834,0.29234188378161735,8.252738120233719,0,1,0,0,0,0,0,20.880734437944415,63.86779022216797,0
HKH-11443,27.968,88.645,Tista,Zemu,0.007,5101,M(o),False,0.006975613736425242,5101.0,0.0,2.233314721866585,26.22578979082915,0,0,0,0,0,1,0,12.973894045162433,42.34864807128906,0
HKH-11444,27.974,88.746,Tista,Changme,0.008,5188,M(o),False,0.007968169649176874,5188.0,0.9459390512100976,0.40313695199924154,5.705649485441171,0,0,0,0,0,1,0,13.850169740052223,50.91034698486328,0
HKH-11445,27.879,88.787,Tista,Changme,0.011,4991,M(o),False,0.010939940038334364,4991.0,0.19272897172811032,2.668960068436007,55.773286737879694,0,0,0,0,0,1,0,22.27465782399809,57.06631088256836,0
HKH-11446,27.862,88.944,Amochu,Amochu,0.065,4874,M(l),False,0.06297479916138844,4874.0,1.3420386062955953,6.906689691083685,37.770721898627116,0,0,0,0,1,0,0,5.0797345311123605,30.581457138061523,0
HKH-11448,27.478,88.765,Tista,Tista,0.017,4388,E(o),False,0.0168571170664229,4388.0,2.877346720177598,0.2635437284543572,0.2635437284543572,0,1,0,0,0,0,0,23.876629981671577,61.12908935546875,0
HKH-11449,27.435,88.771,Tista,Tista,0.011,3946,E(c),False,0.010939940038334364,3946.0,5.420814873416085,0.2635437284543572,0.0,1,0,0,0,0,0,0,17.993301727804464,61.1337890625,0
HKH-11450,27.428,88.766,Tista,Tista,0.006,4114,E(o),False,0.005982071677547464,4114.0,6.25037921945254,0.2635437284543572,0.0,0,1,0,0,0,0,0,26.746465063993984,55.8916015625,0
HKH-11451,27.421,88.79,Tista,Tista,0.007,4234,E(o),False,0.006975613736425242,4234.0,6.281394089075291,0.2635437284543572,0.0,0,1,0,0,0,0,0,21.49414353801334,44.568084716796875,0
HKH-11452,27.685,88.812,Tista,Changme,0.008,4500,E(o),False,0.007968169649176874,4500.0,2.0382685576856225,0.05767633426414831,0.5265613832361259,0,1,0,0,0,0,0,22.959071942629752,57.13551712036133,0
HKH-11457,27.851,88.871,Tista,Changme,0.004,4949,M(o),True,0.003992021269537453,4949.0,0.8270186324215703,0.3100017516109573,59.42299150250787,0,0,0,0,0,1,0,22.042718908638697,62.21331787109375,-1
HKH-11460,27.933,88.26,Tista,Zemu,0.024,5375,M(o),True,0.023716526617316044,5375.0,0.22728945146939533,0.22193789901162772,20.110528106610367,0,0,0,0,0,1,0,26.548756593442814,71.34502410888672,-1
HKH-11461,27.943,88.292,Tista,Zemu,0.013,5210,M(o),False,0.012916225266546328,5210.0,0.8009558100588975,0.16886376736568093,23.24114062463964,0,0,0,0,0,1,0,14.885289785755363,40.457801818847656,0
HKH-11462,27.426,88.068,Tista,East Rathong,0.007,4275,E(o),False,0.006975613736425242,4275.0,9.333007107613899,0.06833449353037407,0.0,0,1,0,0,0,0,0,15.053588387614454,43.54047393798828,0
HKH-11463,27.428,88.07,Tista,East Rathong,0.007,4295,E(o),False,0.006975613736425242,4295.0,9.168373540403211,0.06833449353037407,0.0,0,1,0,0,0,0,0,20.186355410997837,44.410186767578125,0
HKH-11465,27.945,88.289,Tista,Zemu,0.011,5270,M(o),False,0.010939940038334364,5270.0,0.46314767553995784,0.16886376736568093,23.666280574539492,0,0,0,0,0,1,0,14.182050625242905,41.40632247924805,0
HKH-11509,29.424,97.102,Dihang,Lohit,0.014,5023,M(o),True,0.013902905168991422,5023.0,0.49815450108147485,1.0046309127067627,22.466124506274355,0,0,0,0,0,1,0,15.929868634344443,47.948543548583984,1
HKH-11546,28.789,96.855,Dihang,Lohit,0.005,4544,E(o),False,0.004987541511039074,4544.0,1.8465755166337263,0.060467284838769404,0.060467284838769404,0,1,0,0,0,0,0,25.075809341022197,62.000728607177734,0
HKH-11576,29.366,96.982,Yarlung Zangbo,Yigong Zangbo,0.098,5047,M(e),True,0.09349034308733889,5047.0,0.6276192297413636,1.5739677497649438,22.58912749183653,0,0,0,1,0,0,0,13.84087615910951,36.632652282714844,1
HKH-11595,28.762,96.548,Dihang,Dibhang,0.032,4060,E(o),False,0.03149866705937099,4060.0,7.197974192552439,2.2751655161781987,0.0,0,1,0,0,0,0,0,31.1050186178017,78.10855102539062,0
HKH-11609,27.86,91.495,Manas,Dangmechu,0.109,3898,E(o),False,0.10345870836822998,3898.0,6.558832842178339,0.12833470351774642,0.0,0,1,0,0,0,0,0,22.259571398826818,64.11338806152344,0
HKH-11610,27.886,92.427,Subansiri,Subansiri,0.018,5534,M(e),True,0.017839918128331,5534.0,0.3496461818040799,5.056729220324939,64.50817609420503,0,0,0,1,0,0,0,22.01863636752091,47.5333366394043,1
HKH-11617,27.812,91.501,Manas,Dangmechu,0.184,4131,E(c),False,0.16889853646181394,4131.0,10.300395961326165,0.07284192639712679,0.0,1,0,0,0,0,0,0,29.147531253889024,67.23114776611328,0
HKH-11644,29.753,96.466,Yarlung Zangbo,Yigong Zangbo,0.186,5050,M(e),True,0.1705863005755337,5050.0,0.18784819930519683,3.04173492471567,40.75592578225793,0,0,0,1,0,0,0,9.574640311704531,33.484336853027344,1
HKH-11668,27.892,92.303,Subansiri,Subansiri,0.069,5135,M(e),True,0.06672363204290818,5135.0,0.5012718598615681,4.443484309440128,20.17451779632947,0,0,0,1,0,0,0,18.10459504956034,43.45283126831055,1
HKH-11725,30.857,93.774,Yarlung Zangbo,Yigong Zangbo,0.019,4846,M(o),False,0.01882175424058776,4846.0,156.46964632279227,28.953441399295176,0.0,0,0,0,0,0,1,0,14.110949709071182,42.59911346435547,0
HKH-11775,28.993,96.258,Dihang,Dibhang,0.137,4066,E(c),False,0.128393214768399,4066.0,6.4823849464988434,0.23651323182826395,0.0,1,0,0,0,0,0,0,15.616670389232226,47.37678527832031,0
HKH-11783,29.242,92.617,Yarlung Zangbo,Yarlung Zangbo,0.022,5180,E(c),False,0.02176149178151269,5180.0,69.3633747345902,0.05410130654058056,0.0,1,0,0,0,0,0,0,21.69369260088432,47.66560745239258,0
HKH-11810,28.015,92.343,Subansiri,Subansiri,0.03,5408,M(e),True,0.0295588022415444,5408.0,0.2062738477564388,0.4350596909703062,3.3755891664786364,0,0,0,1,0,0,0,19.517702884770337,40.27592468261719,1
HKH-11831,27.93,92.535,Subansiri,Subansiri,0.06,5339,M(e),True,0.058268908123975775,5339.0,0.38747420369214175,1.2635703806699634,19.718446971088063,0,0,0,1,0,0,0,22.137004760541895,61.61934280395508,1
HKH-11852,30.454,95.671,Yarlung Zangbo,Yigong Zangbo,0.031,4778,E(o),False,0.030529205034822874,4778.0,2.863373458965411,0.056432367767402014,0.34179125851473835,0,1,0,0,0,0,0,13.748301845422752,37.20349884033203,0
HKH-11864,29.937,93.79,Yarlung Zangbo,Nyang,0.004,4196,E(o),False,0.003992021269537453,4196.0,113.88168384588242,0.09582037454165666,0.0,0,1,0,0,0,0,0,28.58062962687516,54.6450309753418,0
HKH-11901,29.556,94.242,Yarlung Zangbo,Nyang,0.186,4597,E(o),False,0.1705863005755337,4597.0,51.15917569719701,0.3101038001099921,0.0,0,1,0,0,0,0,0,11.199125866786407,30.156375885009766,0
HKH-11948,28.211,92.749,Subansiri,Subansiri,0.084,5170,M(e),True,0.08065790301745447,5170.0,0.6053147771069847,0.5422872241757735,17.87025651939523,0,0,0,1,0,0,0,13.634893247191574,40.90819549560547,1
HKH-11965,28.107,97.32,Dihang,Lohit,0.129,4360,E(c),False,0.12133228516752496,4360.0,3.49140861756266,0.2807945815331005,0.44958350679074793,1,0,0,0,0,0,0,17.04363239464752,54.30977249145508,0
HKH-12020,30.486,93.485,Yarlung Zangbo,Yigong Zangbo,0.026,5009,M(e),False,0.02566774674857779,5009.0,157.44178151276614,0.1818104674585714,0.0,0,0,0,1,0,0,0,21.6398069193101,39.276512145996094,0
HKH-12025,29.509,97.068,Dihang,Lohit,0.091,5278,M(e),True,0.08709470685093376,5278.0,0.4473303859757615,1.6295792053574922,38.34025888263274,0,0,0,1,0,0,0,9.899675023783345,26.77338981628418,1
HKH-12048,29.992,94.152,Yarlung Zangbo,Nyang,0.009,4527,E(o),False,0.008959741371471904,4527.0,87.42121909322621,0.3101038001099921,0.0,0,1,0,0,0,0,0,20.812958921660623,49.802940368652344,0
HKH-12107,30.013,93.447,Yarlung Zangbo,Nyang,0.02,4695,M(o),False,0.019802627296179712,4695.0,114.7507592792774,0.1818104674585714,0.0,0,0,0,0,0,1,0,21.481024586556252,52.89569854736328,0
HKH-12136,30.454,93.722,Yarlung Zangbo,Yigong Zangbo,0.029,4959,E(o),False,0.028587456851912555,4959.0,151.87335461791722,0.3101038001099921,0.0,0,1,0,0,0,0,0,23.90451878411407,58.88755798339844,0
HKH-12149,30.907,93.017,Yarlung Zangbo,Lhasa,0.371,4956,E(o),False,0.31554040058017735,4956.0,195.9161006940516,0.15765145333933878,0.0,0,1,0,0,0,0,0,5.483783039955308,29.995140075683594,0
HKH-12167,29.35,92.452,Yarlung Zangbo,Yarlung Zangbo,0.091,5108,M(e),False,0.08709470685093376,5108.0,84.1824491574268,0.05410130654058056,0.0,0,0,0,1,0,0,0,22.49784026757042,67.2160415649414,0
HKH-12184,29.615,96.612,Yarlung Zangbo,Yigong Zangbo,0.017,5167,M(o),True,0.0168571170664229,5167.0,0.5022289205311853,0.813869258987742,40.070648404783356,0,0,0,0,0,1,0,16.038873910546535,36.21335220336914,1
HKH-12213,29.144,95.299,Yarlung Zangbo,Yarlung Zangbo,0.057,3633,E(o),False,0.055434706888100586,3633.0,35.30915366675749,0.06702634511900771,0.0,0,1,0,0,0,0,0,22.050413137642423,47.77619552612305,0
HKH-12218,27.638,91.77,Manas,Dangmechu,0.012,4103,E(o),False,0.011928570865273802,4103.0,25.795178424201477,0.12277185746915342,0.0,0,1,0,0,0,0,0,23.19708886719358,42.558956146240234,0
HKH-12254,29.812,93.212,Yarlung Zangbo,Nyang,0.018,5058,E(o),False,0.017839918128331,5058.0,96.84183789526995,0.17956090465594954,0.0,0,1,0,0,0,0,0,27.369225892180438,60.05945587158203,0
HKH-12261,29.937,92.12,Yarlung Zangbo,Lhasa,0.011,5187,E(o),False,0.010939940038334364,5187.0,144.94980322089177,0.625804104393182,0.0,0,1,0,0,0,0,0,12.49063313037766,43.50648880004883,0
HKH-12313,29.545,96.232,Yarlung Zangbo,Yigong Zangbo,0.023,3935,M(e),False,0.02273948696948943,3935.0,0.1262452614044619,12.045616343427593,60.11510096200582,0,0,0,1,0,0,0,18.437801840933368,54.238670349121094,0
HKH-12336,29.499,94.192,Yarlung Zangbo,Nyang,0.092,4489,E(o),False,0.0880108773227133,4489.0,53.15147539235776,0.3101038001099921,0.0,0,1,0,0,0,0,0,21.731120212476025,62.259578704833984,0
HKH-12348,27.876,92.47,Subansiri,Subansiri,0.041,5418,M(e),True,0.04018178963283183,5418.0,0.512497262417166,0.6206609984323413,44.757628570898135,0,0,0,1,0,0,0,23.002310480763025,51.57515335083008,1
HKH-12351,29.729,96.948,Yarlung Zangbo,Yigong Zangbo,0.043,5291,M(o),True,0.04210117601863539,5291.0,0.6093459616361813,0.6277070638609925,7.103337539560944,0,0,0,0,0,1,0,8.595323993036173,28.34134292602539,1
HKH-12469,29.363,96.125,Dihang,Lohit,0.184,3983,E(c),True,0.16889853646181394,3983.0,0.31599429506531945,5.8274666214595365,51.81334510532631,1,0,0,0,0,0,0,13.213218049882748,39.542274475097656,1
HKH-12473,28.888,96.153,Dihang,Dibhang,0.348,4072,E(c),False,0.2986220124901153,4072.0,14.568185482758349,0.31064782957209036,0.0,1,0,0,0,0,0,0,15.630620678701039,57.52680969238281,0
HKH-12545,29.045,97.21,Dihang,Lohit,0.036,4418,E(o),False,0.035367143837291316,4418.0,1.8247284085127071,0.10163867358024711,2.5405644427164513,0,1,0,0,0,0,0,14.613060541018859,40.867855072021484,0
HKH-12666,28.735,93.816,Yarlung Zangbo,Yarlung Zangbo,0.044,4044,E(o),False,0.04305948946044697,4044.0,15.090726684523375,0.3185121989591636,0.0,0,1,0,0,0,0,0,26.510838292368774,63.45818328857422,0
HKH-12697,30.011,93.355,Yarlung Zangbo,Nyang,0.033,5029,E(o),False,0.032467190137501496,5029.0,113.95996616618855,0.1818104674585714,0.0,0,1,0,0,0,0,0,26.342386968708624,56.56040954589844,0
HKH-12722,29.432,94.032,Yarlung Zangbo,Yarlung Zangbo,0.058,4570,E(c),False,0.05638033343610764,4570.0,68.12899435238394,0.3101038001099921,0.0,1,0,0,0,0,0,0,17.803445774116646,73.0503921508789,0
HKH-12764,27.734,91.483,Manas,Dangmechu,0.035,3731,E(c),False,0.0344014267173324,3731.0,16.447617814453732,0.07284192639712679,0.0,1,0,0,0,0,0,0,22.137060622693745,52.192073822021484,0
HKH-12833,29.144,95.391,Yarlung Zangbo,Yarlung Zangbo,0.058,3807,E(o),False,0.05638033343610764,3807.0,42.54790393676895,0.06702634511900771,0.0,0,1,0,0,0,0,0,18.817276462150016,47.8087272644043,0
HKH-12842,27.633,92.187,Manas,Dangmechu,0.016,4424,E(c),False,0.01587334915629015,4424.0,9.639625319223311,0.11911962091110571,0.0,1,0,0,0,0,0,0,19.56983830813571,61.90631103515625,0
HKH-12853,27.643,92.202,Manas,Dangmechu,0.032,4528,E(o),False,0.03149866705937099,4528.0,8.691689717456546,0.11911962091110571,0.0,0,1,0,0,0,0,0,16.546277924129008,46.3170051574707,0
HKH-12912,27.981,92.65,Subansiri,Subansiri,0.358,4986,M(e),False,0.30601302913650436,4986.0,0.45479076402315916,44.46197163758177,70.84993790603114,0,0,0,1,0,0,0,8.756507835694343,40.724693298339844,1
HKH-12931,29.592,91.931,Yarlung Zangbo,Lhasa,0.052,5103,E(o),False,0.050693114315518116,5103.0,111.11494859486483,0.625804104393182,0.0,0,1,0,0,0,0,0,10.52203887257977,40.577938079833984,0
HKH-12961,27.689,92.357,Manas,Dangmechu,0.06,4875,E(o),False,0.058268908123975775,4875.0,3.6726697783759272,0.22797136541389668,2.940874741181056,0,1,0,0,0,0,0,11.669846529304708,39.974613189697266,0
HKH-12974,29.361,94.138,Yarlung Zangbo,Yarlung Zangbo,0.018,4525,E(o),False,0.017839918128331,4525.0,54.245637983375474,0.3101038001099921,0.0,0,1,0,0,0,0,0,27.216145995532997,59.43330383300781,0
HKH-13022,29.487,93.061,Yarlung Zangbo,Yarlung Zangbo,0.015,5265,E(o),False,0.014888612493750654,5265.0,68.35070777653084,0.15765145333933878,0.0,0,1,0,0,0,0,0,15.639331402029262,39.72311019897461,0
HKH-13043,27.997,91.071,Manas,Kurichu,0.059,4195,E(c),False,0.0573250666192694,4195.0,12.727625775523313,0.2939442373110537,0.0,1,0,0,0,0,0,0,24.871304760230835,60.320469358162605,0
HKH-13081,29.792,93.046,Yarlung Zangbo,Nyang,0.023,5196,M(e),False,0.02273948696948943,5196.0,95.98195232087312,0.15765145333933878,0.0,0,0,0,1,0,0,0,20.63223602906263,52.6800537109375,0
HKH-13144,28.032,97.193,Dihang,Lohit,0.066,4376,E(c),False,0.0639133257436528,4376.0,6.130899639509585,0.20959221364777128,0.0,1,0,0,0,0,0,0,28.58180507670535,56.09917068481445,0
HKH-13196,27.369,92.008,Kameng,Kameng,0.006,4154,E(o),False,0.005982071677547464,4154.0,31.694961587303666,0.0787183994508967,0.0,0,1,0,0,0,0,0,17.784817990711687,38.42884063720703,0
HKH-13198,29.898,94.651,Yarlung Zangbo,Yigong Zangbo,0.093,4136,O,False,0.0889262091944015,4136.0,51.935172005153476,17.431760462810345,0.0,0,0,0,0,0,0,1,18.918757392270965,44.736202239990234,0
HKH-13201,29.184,96.218,Dihang,Dibhang,0.146,3934,E(c),False,0.1362776182925478,3934.0,1.9866728522861494,0.17759559608447423,8.312703912697877,1,0,0,0,0,0,0,26.033087552121916,71.1958236694336,0
HKH-13247,29.155,94.278,Yarlung Zangbo,Yarlung Zangbo,0.032,4654,E(o),False,0.03149866705937099,4654.0,36.022763222081444,0.3101038001099921,0.0,0,1,0,0,0,0,0,23.26592342213997,54.743141174316406,0
HKH-13262,29.844,94.829,Yarlung Zangbo,Yigong Zangbo,0.059,4349,M(l),False,0.0573250666192694,4349.0,32.13405910464983,17.431760462810345,0.0,0,0,0,0,1,0,0,16.464877690888393,47.77593994140625,0
HKH-13276,29.481,94.118,Yarlung Zangbo,Yarlung Zangbo,0.186,4592,E(c),False,0.1705863005755337,4592.0,60.20267442751888,0.3101038001099921,0.0,1,0,0,0,0,0,0,12.88071728054441,47.279449462890625,0
HKH-13293,29.229,97.333,Dihang,Lohit,0.143,4759,M(e),True,0.13365638481267358,4759.0,0.6210842973566559,3.3031746356346634,33.06989839469579,0,0,0,1,0,0,0,12.631047956982263,36.07671356201172,1
HKH-13356,28.823,96.36,Dihang,Dibhang,0.156,3914,E(c),False,0.14496577025018573,3914.0,8.083489540021983,0.1590803130277552,0.0,1,0,0,0,0,0,0,19.258204624150128,55.52711868286133,0
HKH-13378,27.707,92.386,Manas,Dangmechu,0.014,5039,M(o),True,0.013902905168991422,5039.0,0.5361397083721293,0.3726582614853292,10.128045649557446,0,0,0,0,0,1,0,12.115317256982635,28.110973358154297,1
HKH-13398,28.314,97.343,Dihang,Lohit,0.16,4145,E(o),False,0.14842000511827327,4145.0,6.3217140681563455,0.1527308415671398,0.0,0,1,0,0,0,0,0,13.49100070476186,64.94407653808594,0
HKH-13430,30.361,93.434,Yarlung Zangbo,Yigong Zangbo,0.03,5251,E(o),False,0.0295588022415444,5251.0,145.76413200200872,0.1818104674585714,0.0,0,1,0,0,0,0,0,22.9579777015683,50.148406982421875,0
HKH-13439,29.488,94.148,Yarlung Zangbo,Nyang,0.017,4737,E(o),False,0.0168571170664229,4737.0,57.26910226183636,0.3101038001099921,0.0,0,1,0,0,0,0,0,11.58076241843142,39.15827560424805,0
HKH-13444,29.761,96.376,Yarlung Zangbo,Yigong Zangbo,0.12,4805,M(o),False,0.11332868530700317,4805.0,1.1007676529302404,0.34357891502167287,15.501607172435678,0,0,0,0,0,1,0,12.038147606096844,37.03303527832031,0
HKH-13548,30.133,96.137,Yarlung Zangbo,Yigong Zangbo,0.007,5059,E(o),False,0.006975613736425242,5059.0,0.4515454261726309,0.2171392741843252,7.990467142339432,0,1,0,0,0,0,0,17.40737995862828,49.351383209228516,0
HKH-13555,29.533,94.221,Yarlung Zangbo,Nyang,0.032,4527,E(o),False,0.03149866705937099,4527.0,51.910831379230494,0.3101038001099921,0.0,0,1,0,0,0,0,0,20.33574002797991,60.69620895385742,0
HKH-13668,29.525,94.355,Yarlung Zangbo,Nyang,0.037,4500,E(o),False,0.036331929247390274,4500.0,39.39362692275861,0.3101038001099921,0.0,0,1,0,0,0,0,0,18.674224621059135,51.5428581237793,0
HKH-13752,29.802,93.011,Yarlung Zangbo,Nyang,0.03,5350,M(e),False,0.0295588022415444,5350.0,97.32846415946112,0.15765145333933878,0.0,0,0,0,1,0,0,0,11.037353919131796,26.781017303466797,0
HKH-13765,28.942,94.395,Yarlung Zangbo,Yarlung Zangbo,0.047,3665,E(o),False,0.045928931888399804,3665.0,32.3574017106172,0.3101038001099921,0.0,0,1,0,0,0,0,0,16.156944115246603,43.37005615234375,0
HKH-13767,28.785,96.127,Dihang,Dibhang,0.038,3682,E(c),False,0.037295784743696894,3682.0,24.432538318024683,0.31064782957209036,0.0,1,0,0,0,0,0,0,24.48796838573799,54.530216217041016,0
HKH-13811,30.508,95.558,Yarlung Zangbo,Yigong Zangbo,0.017,5006,E(o),False,0.0168571170664229,5006.0,3.935472099492524,0.17654558344760896,0.17654558344760896,0,1,0,0,0,0,0,14.296854445939426,43.52666091918945,0
HKH-13837,28.764,91.958,Subansiri,Subansiri,0.016,5319,M(o),False,0.01587334915629015,5319.0,36.849568176924,0.625804104393182,0.0,0,0,0,0,0,1,0,17.574841681077423,43.374141693115234,0
HKH-13868,28.027,97.37,Dihang,Lohit,0.008,4305,E(c),False,0.007968169649176874,4305.0,3.710487283037446,0.20082620647196708,0.20082620647196708,1,0,0,0,0,0,0,28.34561922811218,62.48133850097656,0
HKH-13879,27.953,92.269,Subansiri,Subansiri,0.026,5236,M(o),True,0.02566774674857779,5236.0,0.33165620868896195,0.2868014586812022,1.8961553750127602,0,0,0,0,0,1,0,10.16275000816519,38.01891326904297,1
HKH-13910,28.029,92.134,Subansiri,Subansiri,0.005,5084,E(o),False,0.004987541511039074,5084.0,5.604636201311142,0.14438342443821867,0.0,0,1,0,0,0,0,0,9.913376984968457,25.21462059020996,0
HKH-13939,29.371,95.646,Yarlung Zangbo,Yarlung Zangbo,0.037,4129,E(c),False,0.036331929247390274,4129.0,13.896726674819408,0.25114203522148176,0.0,1,0,0,0,0,0,0,27.407870248687814,55.21794509887695,0
HKH-13945,28.681,96.51,Dihang,Dibhang,0.054,4376,E(c),False,0.05259245011917058,4376.0,8.22867239276986,0.16398308620610208,0.0,1,0,0,0,0,0,0,20.469486348517563,59.232025146484375,0
HKH-13978,28.013,91.725,Manas,Dangmechu,0.034,4738,E(o),False,0.03343477608623739,4738.0,2.05340094170851,0.13394665920019644,0.2771059614950464,0,1,0,0,0,0,0,13.46078282612727,42.97154235839844,0
HKH-14012,29.941,94.565,Yarlung Zangbo,Yigong Zangbo,0.021,4568,E(o),False,0.020782539182528505,4568.0,62.69860108820457,17.431760462810345,0.0,0,1,0,0,0,0,0,18.96651643014629,41.89462661743164,0
HKH-14032,29.082,93.969,Yarlung Zangbo,Yarlung Zangbo,0.024,4689,E(o),False,0.023716526617316044,4689.0,48.747531625294286,0.3185121989591636,0.0,0,1,0,0,0,0,0,19.3076957610588,63.26597595214844,0
HKH-14071,29.498,92.468,Yarlung Zangbo,Yarlung Zangbo,0.02,5197,E(o),False,0.019802627296179712,5197.0,96.18584281858459,0.05410130654058056,0.0,0,1,0,0,0,0,0,10.331920688205031,26.050682067871094,0
HKH-14078,27.912,92.503,Subansiri,Subansiri,0.035,5261,M(e),True,0.0344014267173324,5261.0,1.120907368393649,0.7033449554617447,17.025649045782306,0,0,0,1,0,0,0,22.581086112568087,53.57122802734375,1
HKH-14099,29.382,95.588,Yarlung Zangbo,Yarlung Zangbo,0.05,3528,E(o),False,0.04879016416943201,3528.0,17.843301315103147,0.11593028330080582,0.0,0,1,0,0,0,0,0,18.297506833805713,47.87332534790039,0
HKH-14114,28.336,91.189,Manas,Kurichu,0.043,4270,M(e),False,0.04210117601863539,4270.0,1.1328325839655333,1.7239877168034892,15.851213005761387,0,0,0,1,0,0,0,20.697647940476635,61.992950439453125,0
HKH-14173,29.687,96.618,Yarlung Zangbo,Yigong Zangbo,0.067,4739,M(e),False,0.06485097231961631,4739.0,0.34506744067867395,1.8287619354214464,30.0113714224982,0,0,0,1,0,0,0,17.751652967709834,44.25376892089844,0
HKH-14183,30.43,94.455,Yarlung Zangbo,Yigong Zangbo,0.092,3887,M(e),False,0.0880108773227133,3887.0,73.62334478699408,52.895894016931464,0.0,0,0,0,1,0,0,0,14.886979609307316,39.40035629272461,0
HKH-14227,29.226,96.162,Dihang,Dibhang,0.571,3313,E(o),False,0.4517123592734841,3313.0,1.8684865457887465,0.058594111504668506,2.707818881285883,0,1,0,0,0,0,0,3.4594742012581627,55.927825927734375,0
HKH-14232,27.638,92.218,Manas,Dangmechu,0.033,4699,E(c),False,0.032467190137501496,4699.0,9.48976544433934,0.11911962091110571,0.0,1,0,0,0,0,0,0,15.823595231655034,38.639251708984375,0
HKH-14289,28.685,96.535,Dihang,Dibhang,0.039,4226,E(c),False,0.03825871211709034,4226.0,8.637047301952366,0.16398308620610208,0.0,1,0,0,0,0,0,0,13.71350692288349,51.853965759277344,0
HKH-14422,29.818,92.367,Yarlung Zangbo,Lhasa,0.027,4925,E(o),False,0.02664193094642118,4925.0,127.42240851756081,0.05410130654058056,0.0,0,1,0,0,0,0,0,6.660157580169868,25.57693862915039,0
HKH-14465,29.108,94.106,Yarlung Zangbo,Yarlung Zangbo,0.078,4005,E(o),False,0.07510747248680541,4005.0,56.80592290068361,0.3101038001099921,0.0,0,1,0,0,0,0,0,22.17706263097378,50.29602813720703,0
HKH-14487,29.004,93.696,Yarlung Zangbo,Yarlung Zangbo,0.017,4697,E(o),False,0.0168571170664229,4697.0,28.699839352951244,0.09582037454165666,0.0,0,1,0,0,0,0,0,20.54971545316876,45.105403900146484,0
HKH-14495,29.898,92.219,Yarlung Zangbo,Nyang,0.008,5397,E(o),False,0.007968169649176874,5397.0,140.62567033965016,0.09437900722080124,0.0,0,1,0,0,0,0,0,26.631102963119677,44.79756164550781,0
HKH-14527,28.989,96.189,Dihang,Dibhang,0.089,4298,E(c),False,0.08525984395082342,4298.0,4.416926709476594,0.31064782957209036,0.31064782957209036,1,0,0,0,0,0,0,21.036839616334685,57.68434524536133,0
HKH-14550,29.953,92.487,Yarlung Zangbo,Nyang,0.064,5075,E(o),False,0.06203539091945264,5075.0,132.97884117718252,0.15765145333933878,0.0,0,1,0,0,0,0,0,10.21463896770195,35.4980354309082,0
HKH-14616,27.86,91.579,Manas,Dangmechu,0.037,4748,E(c),False,0.036331929247390274,4748.0,0.33014957412300244,0.07284192639712679,1.5291940733357317,1,0,0,0,0,0,0,34.73887514316602,74.87114715576172,0
HKH-14655,27.843,91.555,Manas,Dangmechu,0.035,4572,E(c),False,0.0344014267173324,4572.0,3.3493243707673552,0.07284192639712679,0.5801110826408333,1,0,0,0,0,0,0,13.394795594165025,36.845584869384766,0
HKH-14689,29.532,92.521,Yarlung Zangbo,Yarlung Zangbo,0.252,5249,E(c),False,0.22474227267790678,5249.0,97.45049098050522,0.05410130654058056,0.0,1,0,0,0,0,0,0,4.6313867369897395,22.086612701416016,0
HKH-14696,30.13,96.127,Yarlung Zangbo,Yigong Zangbo,0.07,4778,M(e),False,0.06765864847381481,4778.0,1.0255002313870165,0.8503871625446223,6.474074020528595,0,0,0,1,0,0,0,16.79764056387351,47.42935562133789,0
HKH-14710,29.736,94.441,Yarlung Zangbo,Nyang,0.017,4624,E(c),False,0.0168571170664229,4624.0,50.81397042112817,0.3101038001099921,0.0,1,0,0,0,0,0,0,21.07207345604693,51.17440414428711,0
HKH-14727,27.736,91.778,Manas,Dangmechu,0.009,4232,E(o),False,0.008959741371471904,4232.0,18.56594185348145,0.12277185746915342,0.0,0,1,0,0,0,0,0,13.84862478589792,35.8121337890625,0
HKH-14855,28.812,96.077,Dihang,Dibhang,0.078,4139,E(c),False,0.07510747248680541,4139.0,24.397519383272627,0.06251255272132271,0.0,1,0,0,0,0,0,0,24.18597297876908,55.6599006652832,0
HKH-14959,29.929,92.069,Yarlung Zangbo,Lhasa,0.14,4939,E(o),False,0.1310282624064041,4939.0,143.1658110627676,0.625804104393182,0.0,0,1,0,0,0,0,0,10.973684834108692,46.78451919555664,0
HKH-15026,30.31,95.679,Yarlung Zangbo,Yigong Zangbo,0.009,4999,M(o),False,0.008959741371471904,4999.0,0.7395783662627615,0.94693159028519,21.136942974758703,0,0,0,0,0,1,0,19.578887445663728,68.92630004882812,0
HKH-15027,30.232,96.094,Yarlung Zangbo,Yigong Zangbo,0.007,5033,E(o),False,0.006975613736425242,5033.0,2.7829392672687594,0.11223424784324058,0.11223424784324058,0,1,0,0,0,0,0,6.765403579904665,33.454288482666016,0
HKH-15057,28.17,97.285,Dihang,Lohit,0.101,4157,E(c),False,0.09621885774054292,4157.0,8.745095391053937,0.10710541235282246,0.0,1,0,0,0,0,0,0,17.54379771147965,49.18803024291992,0
HKH-15079,29.842,94.125,Yarlung Zangbo,Nyang,0.003,4730,E(o),False,0.002995508979798479,4730.0,78.96735915813835,0.3101038001099921,0.0,0,1,0,0,0,0,0,22.983580288863507,49.88721181086934,0
HKH-15098,27.867,91.255,Manas,Kurichu,0.073,4707,E(o),False,0.07045846364856141,4707.0,0.6515359502957124,0.14563424376242493,0.9933120549912213,0,1,0,0,0,0,0,22.825861692126278,64.40703582763672,0
HKH-15154,29.304,95.725,Yarlung Zangbo,Yarlung Zangbo,0.125,3947,E(o),False,0.11778303565638346,3947.0,6.773362945000044,0.9875697925544209,0.0,0,1,0,0,0,0,0,13.52639874960241,38.84518051147461,0
HKH-15174,29.906,94.365,Yarlung Zangbo,Nyang,0.121,4389,E(o),False,0.11422114409002286,4389.0,68.34639206974938,0.3101038001099921,0.0,0,1,0,0,0,0,0,21.036203273611182,70.62118530273438,0
HKH-15200,28.005,91.739,Manas,Dangmechu,0.018,4938,E(o),False,0.017839918128331,4938.0,1.0382742340079472,0.13394665920019644,0.13394665920019644,0,1,0,0,0,0,0,18.68490587149514,51.20600509643555,0
HKH-15208,27.904,92.469,Subansiri,Subansiri,0.017,5296,M(o),False,0.0168571170664229,5296.0,0.059474404307726075,1.235220159769134,41.07328075805447,0,0,0,0,0,1,0,24.652768032524754,58.31553268432617,0
HKH-15259,27.874,91.833,Manas,Dangmechu,0.098,4334,E(c),False,0.09349034308733889,4334.0,11.032974074503684,0.052361203535709645,0.0,1,0,0,0,0,0,0,15.405107795369004,66.10906219482422,0
HKH-15268,30.459,95.287,Yarlung Zangbo,Yigong Zangbo,0.051,4950,M(o),False,0.04974209189481407,4950.0,0.5485879677598917,1.270922064337568,11.254921735762426,0,0,0,0,0,1,0,21.42736580033205,65.2032699584961,0
HKH-15271,29.653,97.068,Yarlung Zangbo,Yigong Zangbo,0.017,5301,E(o),False,0.0168571170664229,5301.0,0.9075486105215551,0.04157385451420975,9.617660093643094,0,1,0,0,0,0,0,9.328918682296736,61.1163215637207,0
HKH-15386,28.042,92.121,Manas,Dangmechu,0.004,5136,E(o),False,0.003992021269537453,5136.0,7.437551154316511,0.14438342443821867,0.0,0,1,0,0,0,0,0,18.288425915365064,47.077266693115234,0
HKH-15463,29.573,92.805,Yarlung Zangbo,Yarlung Zangbo,0.009,5167,E(o),False,0.008959741371471904,5167.0,84.29736855294634,0.15765145333933878,0.0,0,1,0,0,0,0,0,17.88221236652537,51.359317779541016,0
HKH-15512,29.381,93.391,Yarlung Zangbo,Yarlung Zangbo,0.04,4682,E(o),False,0.039220713153281295,4682.0,57.25898050479272,0.1818104674585714,0.0,0,1,0,0,0,0,0,20.546701910578197,61.03741455078125,0
HKH-15527,29.257,93.757,Yarlung Zangbo,Yarlung Zangbo,0.026,4484,E(o),False,0.02566774674857779,4484.0,52.34496407449627,0.09582037454165666,0.0,0,1,0,0,0,0,0,13.393629099420687,37.267616271972656,0
HKH-15584,29.085,93.949,Yarlung Zangbo,Yarlung Zangbo,0.034,4776,E(o),False,0.03343477608623739,4776.0,47.40646744119696,0.3185121989591636,0.0,0,1,0,0,0,0,0,24.659483574911516,64.1186752319336,0
HKH-15590,29.342,94.264,Yarlung Zangbo,Yarlung Zangbo,0.044,4395,E(o),False,0.04305948946044697,4395.0,39.43706705960124,0.3101038001099921,0.0,0,1,0,0,0,0,0,19.375281901413118,48.288169860839844,0
HKH-15620,29.696,93.801,Yarlung Zangbo,Nyang,0.06,4673,E(o),False,0.058268908123975775,4673.0,92.46237564442791,0.09582037454165666,0.0,0,1,0,0,0,0,0,22.215689810493945,61.803871154785156,0
HKH-15677,29.354,92.392,Yarlung Zangbo,Yarlung Zangbo,0.028,5172,E(o),False,0.027615167032973367,5172.0,87.34295758147087,0.09437900722080124,0.0,0,1,0,0,0,0,0,13.07651057176843,28.951251983642578,0
HKH-15691,29.959,93.339,Yarlung Zangbo,Nyang,0.041,4875,E(o),False,0.04018178963283183,4875.0,109.27372991073182,0.1818104674585714,0.0,0,1,0,0,0,0,0,23.04064417732667,50.571922302246094,0
HKH-15712,28.008,92.365,Subansiri,Subansiri,0.005,5362,E(o),True,0.004987541511039074,5362.0,0.5216273943154457,0.5898104138493052,3.3755891664786364,0,1,0,0,0,0,0,22.517865286869366,46.457122802734375,1
HKH-15822,28.471,96.715,Dihang,Lohit,0.083,3585,E(o),False,0.07973496801885356,3585.0,10.76657074938947,0.24347503076109694,0.0,0,1,0,0,0,0,0,23.496760211587908,62.248775482177734,0
HKH-15823,29.356,91.968,Yarlung Zangbo,Yarlung Zangbo,0.028,5088,E(c),False,0.027615167032973367,5088.0,90.17885480522477,0.625804104393182,0.0,1,0,0,0,0,0,0,15.382734471505879,44.73654556274414,0
HKH-15842,29.357,93.585,Yarlung Zangbo,Yarlung Zangbo,0.008,4828,E(o),False,0.007968169649176874,4828.0,61.37898056615983,1.8843377728431963,0.0,0,1,0,0,0,0,0,19.917224544428223,44.402286529541016,0
HKH-15874,29.224,92.54,Yarlung Zangbo,Yarlung Zangbo,0.008,5248,E(c),False,0.007968169649176874,5248.0,69.90262925225274,0.05410130654058056,0.0,1,0,0,0,0,0,0,32.918400726843906,56.20346450805664,0
HKH-15919,27.828,91.807,Manas,Dangmechu,0.057,4288,M(o),True,0.055434706888100586,4288.0,16.126925170470436,0.052361203535709645,0.0,0,0,0,0,0,1,0,22.252277591142416,62.250553131103516,1
HKH-15964,29.636,93.416,Yarlung Zangbo,Nyang,0.028,4999,M(o),False,0.027615167032973367,4999.0,80.53577281379528,0.1818104674585714,0.0,0,0,0,0,0,1,0,19.642947751301875,52.143070220947266,0
HKH-15979,29.218,95.71,Yarlung Zangbo,Yarlung Zangbo,0.017,3869,E(o),False,0.0168571170664229,3869.0,13.23185485102479,0.9875697925544209,0.0,0,1,0,0,0,0,0,21.312108754733902,58.550270080566406,0
HKH-15988,29.481,97.124,Dihang,Lohit,0.021,5147,E(c),False,0.020782539182528505,5147.0,0.603235155160528,0.3052231911103197,17.326399579533835,1,0,0,0,0,0,0,15.300592079010087,38.491546630859375,0
HKH-16020,29.202,95.797,Dihang,Dibhang,0.146,4048,E(c),False,0.1362776182925478,4048.0,11.498578753393765,0.9875697925544209,0.0,1,0,0,0,0,0,0,20.80653889938229,70.6996841430664,0
HKH-16062,30.612,95.438,Yarlung Zangbo,Yigong Zangbo,0.005,5094,E(o),False,0.004987541511039074,5094.0,7.697732661087978,0.2043000694359091,0.0,0,1,0,0,0,0,0,24.793282586059796,55.8784294128418,0
HKH-16066,29.472,94.213,Yarlung Zangbo,Nyang,0.147,4419,M(o),False,0.13714983814723364,4419.0,49.775566832274336,0.3101038001099921,0.0,0,0,0,0,0,1,0,11.446974692126084,48.39775466918945,0
HKH-16085,29.342,96.474,Dihang,Lohit,0.016,3428,E(c),False,0.01587334915629015,3428.0,0.0,29.88578870846569,105.40443521442822,1,0,0,0,0,0,0,9.184621655270364,25.086633682250977,0
HKH-16142,29.322,92.688,Yarlung Zangbo,Yarlung Zangbo,0.061,5026,E(o),False,0.05921185963184608,5026.0,73.32988528757414,0.15765145333933878,0.0,0,1,0,0,0,0,0,17.23799176248642,53.07761764526367,0
HKH-16151,29.327,95.847,Yarlung Zangbo,Yarlung Zangbo,0.273,4271,E(o),False,0.24137631957526948,4271.0,0.9308807982407298,1.0465821641388113,21.62534094481079,0,1,0,0,0,0,0,15.535609001328744,58.81376647949219,0
HKH-16153,30.193,93.315,Yarlung Zangbo,Nyang,0.014,4964,E(c),False,0.013902905168991422,4964.0,130.367787213588,0.1818104674585714,0.0,1,0,0,0,0,0,0,18.330592476809226,51.33953857421875,0
HKH-16272,28.727,97.148,Dihang,Lohit,0.041,3987,E(o),False,0.04018178963283183,3987.0,3.5537561180472417,0.6082728627389274,0.6279737056555863,0,1,0,0,0,0,0,24.030886169145557,54.06647491455078,0
HKH-16305,28.513,96.398,Dihang,Dibhang,0.318,4340,M(o),False,0.27611543608031547,4340.0,0.3955810600615294,0.16114941818633585,4.196329854780818,0,0,0,0,0,1,0,1.2761737155732062,49.2509880065918,0
HKH-16359,29.015,93.946,Yarlung Zangbo,Yarlung Zangbo,0.014,4626,E(c),False,0.013902905168991422,4626.0,42.435667019934584,0.3185121989591636,0.0,1,0,0,0,0,0,0,28.551507496565954,65.14216613769531,0
HKH-16417,28.012,97.388,Dihang,Lohit,0.087,4362,E(c),False,0.08342160813907239,4362.0,5.154912341469172,0.20082620647196708,0.0,1,0,0,0,0,0,0,27.633960285628245,65.74060821533203,0
HKH-16432,29.668,93.762,Yarlung Zangbo,Nyang,0.038,4857,E(c),False,0.037295784743696894,4857.0,89.39068151125007,0.09582037454165666,0.0,1,0,0,0,0,0,0,20.503015227716322,61.97262954711914,0
HKH-16449,28.767,93.073,Yarlung Zangbo,Yarlung Zangbo,0.154,4149,O,False,0.1432341680859078,4149.0,5.517951490027459,0.15765145333933878,0.0,0,0,0,0,0,0,1,18.42404069390265,48.51578140258789,0
HKH-16503,28.376,97.354,Dihang,Lohit,0.046,4050,E(o),False,0.044973365642731154,4050.0,9.912184572198788,0.18754760687482308,0.0,0,1,0,0,0,0,0,18.536427421669444,41.68646240234375,0
HKH-16534,29.742,96.227,Yarlung Zangbo,Yigong Zangbo,0.032,4850,M(o),True,0.03149866705937099,4850.0,0.053239131316595516,0.5768058420305352,2.1226229456168886,0,0,0,0,0,1,0,12.821259486807344,36.62997817993164,1
HKH-16550,29.432,96.43,Yarlung Zangbo,Yigong Zangbo,0.049,4553,M(e),True,0.04783732941416013,4553.0,0.0,68.09525599131238,114.77712139636547,0,0,0,1,0,0,0,15.453128763749307,40.34870147705078,1
HKH-16555,29.93,94.43,Yarlung Zangbo,Yigong Zangbo,0.015,4608,E(o),False,0.014888612493750654,4608.0,67.90878413458574,0.3101038001099921,0.0,0,1,0,0,0,0,0,27.22868033951563,50.90769958496094,0
HKH-16636,29.58,93.199,Yarlung Zangbo,Nyang,0.181,5176,E(o),False,0.16636153721522526,5176.0,75.87569907130998,0.17956090465594954,0.0,0,1,0,0,0,0,0,6.272302611833296,26.7541446685791,0
HKH-16728,27.942,91.264,Manas,Kurichu,0.013,5006,M(o),False,0.012916225266546328,5006.0,0.5973581336395901,0.09840643107725132,4.05711448262504,0,0,0,0,0,1,0,28.61052293952633,60.638710021972656,0
HKH-16745,27.85,91.979,Manas,Dangmechu,0.013,4703,E(o),False,0.012916225266546328,4703.0,9.80618052043295,0.13456340294732536,0.0,0,1,0,0,0,0,0,17.19149733932585,44.65800094604492,0
HKH-16750,27.784,91.849,Manas,Dangmechu,0.043,4637,M(o),False,0.04210117601863539,4637.0,18.818874691961792,0.052361203535709645,0.0,0,0,0,0,0,1,0,16.219486191170674,41.61366653442383,0
HKH-16813,28.764,91.934,Yarlung Zangbo,Yarlung Zangbo,0.007,5317,M(o),False,0.006975613736425242,5317.0,36.23020818288818,0.625804104393182,0.0,0,0,0,0,0,1,0,14.733297474106733,55.15574264526367,0
HKH-16832,29.51,92.246,Yarlung Zangbo,Yarlung Zangbo,0.005,5119,E(o),False,0.004987541511039074,5119.0,107.96460404512567,0.09437900722080124,0.0,0,1,0,0,0,0,0,16.091766620141964,43.76831817626953,0
HKH-16853,29.282,92.868,Yarlung Zangbo,Yarlung Zangbo,0.006,5174,E(o),False,0.005982071677547464,5174.0,57.480715197131865,0.15765145333933878,0.0,0,1,0,0,0,0,0,22.31205103463749,60.67978286743164,0
HKH-16855,29.248,92.787,Yarlung Zangbo,Yarlung Zangbo,0.019,5124,E(o),False,0.01882175424058776,5124.0,60.49754395527534,0.15765145333933878,0.0,0,1,0,0,0,0,0,12.851243267853942,42.16399383544922,0
HKH-16865,29.192,92.765,Yarlung Zangbo,Yarlung Zangbo,0.006,5054,E(o),False,0.005982071677547464,5054.0,58.49701702245857,0.15765145333933878,0.0,0,1,0,0,0,0,0,11.882829633190877,43.461673736572266,0
HKH-16892,28.802,91.616,Yarlung Zangbo,Langkamu,0.183,4611,O,False,0.16805358499624973,4611.0,49.702195819285116,0.0959400117230128,0.0,0,0,0,0,0,0,1,3.8230832120015465,23.129390716552734,0
HKH-16897,29.576,92.716,Yarlung Zangbo,Nyang,0.008,5272,M(o),False,0.007968169649176874,5272.0,89.62337261992852,0.15765145333933878,0.0,0,0,0,0,0,1,0,10.073238561497835,27.31046485900879,0
HKH-16984,30.14,92.559,Yarlung Zangbo,Lhasa,0.01,5185,E(o),False,0.009950330853168083,5185.0,143.10876373925478,0.15765145333933878,0.0,0,1,0,0,0,0,0,18.3555446093834,50.23069381713867,0
HKH-17062,30.393,92.754,Yarlung Zangbo,Lhasa,0.024,5164,E(o),False,0.023716526617316044,5164.0,155.72303365593282,0.15765145333933878,0.0,0,1,0,0,0,0,0,22.643919060662096,41.837074279785156,0
HKH-17087,29.698,92.683,Yarlung Zangbo,Nyang,0.006,5322,M(o),False,0.005982071677547464,5322.0,101.09731714338182,0.15765145333933878,0.0,0,0,0,0,0,1,0,8.255875129975683,24.35594367980957,0
HKH-17088,29.72,92.938,Yarlung Zangbo,Nyang,0.018,5425,M(o),False,0.017839918128331,5425.0,91.59512739632805,0.15765145333933878,0.0,0,0,0,0,0,1,0,21.907869600634953,53.44112777709961,0
HKH-17138,28.198,92.954,Subansiri,Subansiri,0.006,4221,E(o),False,0.005982071677547464,4221.0,1.9789568564703062,0.507974014236387,2.860590455698387,0,1,0,0,0,0,0,21.347592722525643,46.246028900146484,0
HKH-17360,29.39,94.039,Yarlung Zangbo,Yarlung Zangbo,0.074,4328,E(o),False,0.07138999608667294,4328.0,66.26811628471184,0.3101038001099921,0.0,0,1,0,0,0,0,0,19.280889569446817,69.40129852294922,0
HKH-17641,29.823,94.59,Yarlung Zangbo,Yigong Zangbo,0.069,4420,E(o),False,0.06672363204290818,4420.0,54.05164433496981,0.7351646056788581,0.0,0,1,0,0,0,0,0,16.08434958976873,47.13519287109375,0
HKH-17666,29.936,94.601,Yarlung Zangbo,Yigong Zangbo,0.006,4747,E(o),False,0.005982071677547464,4747.0,58.78804031537692,17.431760462810345,0.0,0,1,0,0,0,0,0,21.94655376153306,47.521060943603516,0
HKH-17699,29.694,94.822,Yarlung Zangbo,Yarlung Zangbo,0.009,4652,E(o),False,0.008959741371471904,4652.0,25.498576493324038,17.431760462810345,0.0,0,1,0,0,0,0,0,21.79741196026723,53.278289794921875,0
HKH-17754,29.113,95.492,Dihang,Dibhang,0.006,3602,E(o),False,0.005982071677547464,3602.0,39.3458036950158,0.9875697925544209,0.0,0,1,0,0,0,0,0,24.50099068979815,66.99042510986328,0
HKH-17755,30.359,95.814,Yarlung Zangbo,Yigong Zangbo,0.004,4927,E(o),False,0.003992021269537453,4927.0,0.6164974400254856,0.16297091509078668,19.996423531052095,0,1,0,0,0,0,0,14.413438324541927,39.68742752075195,0
HKH-17761,30.159,96.01,Yarlung Zangbo,Yigong Zangbo,0.006,4916,M(o),False,0.005982071677547464,4916.0,0.516811525634659,0.3456930483117557,2.492471496968347,0,0,0,0,0,1,0,13.787679356478952,34.194984436035156,0
HKH-17766,29.222,96.978,Yarlung Zangbo,Yigong Zangbo,0.005,5126,M(o),False,0.004987541511039074,5126.0,0.6446317389649796,15.236035096920343,112.08771395385902,0,0,0,0,0,1,0,21.144887153218235,47.954620361328125,0
HKH-17767,29.301,97.001,Yarlung Zangbo,Yigong Zangbo,0.034,4604,M(o),False,0.03343477608623739,4604.0,2.2014119049346146,0.38454213374441987,4.11643722714098,0,0,0,0,0,1,0,9.127729333932251,26.224733352661133,0
HKH-17776,29.411,96.922,Yarlung Zangbo,Yigong Zangbo,0.012,5129,M(o),False,0.011928570865273802,5129.0,1.7610328705538087,0.08100595663138228,6.442319250252613,0,0,0,0,0,1,0,13.750293747151927,37.30072021484375,0
HKH-17790,29.523,96.996,Yarlung Zangbo,Yigong Zangbo,0.008,5283,M(o),False,0.007968169649176874,5283.0,0.2748880872307947,1.7113258609726296,16.28647549815883,0,0,0,0,0,1,0,13.109007615073985,27.207012176513672,0
HKH-17892,29.167,97.372,Dihang,Lohit,0.014,4652,M(o),False,0.013902905168991422,4652.0,1.1228148762026988,0.6623687015179577,9.005432986180699,0,0,0,0,0,1,0,20.91703654160976,53.17643737792969,0
HKH-17983,28.919,97.285,Dihang,Lohit,0.071,4531,M(e),True,0.06859279146561172,4531.0,0.3416780070579365,1.5183787080834652,14.5428683688798,0,0,0,1,0,0,0,14.871093491935133,43.546939849853516,1
HKH-18126,28.849,96.774,Dihang,Lohit,0.02,4321,E(o),False,0.019802627296179712,4321.0,2.7626860777785263,0.20003889038473394,1.510793628951928,0,1,0,0,0,0,0,32.667596924358165,64.20344543457031,0
HKH-18257,29.19,97.533,Dihang,Lohit,0.027,4872,E(o),False,0.02664193094642118,4872.0,3.1381418505870213,0.15111756520427091,4.690105090814588,0,1,0,0,0,0,0,15.847213302109475,52.23313522338867,0
HKH-18258,29.19,97.518,Dihang,Lohit,0.012,4750,M(o),False,0.011928570865273802,4750.0,2.9270378277878053,0.15111756520427091,3.8067628954326254,0,0,0,0,0,1,0,19.737721597142368,41.70658874511719,0
HKH-18291,28.856,97.652,Dihang,Lohit,0.062,4596,E(o),False,0.06015392281974709,4596.0,5.307534652306908,1.2936080040726343,0.0,0,1,0,0,0,0,0,18.190968127837007,43.99845504760742,0
HKH-18332,28.748,97.324,Dihang,Lohit,0.005,4554,M(e),False,0.004987541511039074,4554.0,0.6906565255720454,0.6532282898091906,6.130123379896539,0,0,0,1,0,0,0,16.96986381698062,41.214881896972656,0
HKH-18337,28.702,97.287,Dihang,Lohit,0.01,4306,E(o),False,0.009950330853168083,4306.0,3.3173214790665386,0.22768701761814972,0.5133977241388404,0,1,0,0,0,0,0,26.76919815087076,59.05401611328125,0
HKH-18343,28.515,97.477,Dihang,Lohit,0.022,4491,E(o),False,0.02176149178151269,4491.0,9.334390514852803,0.8057492901384424,0.0,0,1,0,0,0,0,0,9.827035339067994,30.297985076904297,0
HKH-18345,28.516,97.486,Dihang,Lohit,0.01,4482,E(o),False,0.009950330853168083,4482.0,9.251018079740996,0.8057492901384424,0.0,0,1,0,0,0,0,0,8.844409244697797,20.904388427734375,0
HKH-18370,28.454,97.457,Dihang,Lohit,0.007,4580,E(o),False,0.006975613736425242,4580.0,5.620705366521415,0.8057492901384424,0.0,0,1,0,0,0,0,0,10.169187586587318,27.6130313873291,0
HKH-18383,28.568,97.481,Dihang,Lohit,0.01,4449,E(o),False,0.009950330853168083,4449.0,14.053820972999862,0.8057492901384424,0.0,0,1,0,0,0,0,0,9.76667183034305,31.90903091430664,0
HKH-18398,28.567,97.51,Dihang,Lohit,0.01,4558,E(o),False,0.009950330853168083,4558.0,13.984443308370821,0.8057492901384424,0.0,0,1,0,0,0,0,0,16.781535447369798,48.482357025146484,0
HKH-18410,28.564,97.579,Dihang,Lohit,0.017,4637,E(o),False,0.0168571170664229,4637.0,14.279132139707144,0.2315196186631625,0.0,0,1,0,0,0,0,0,23.204977812662488,51.34065628051758,0
HKH-18415,28.552,97.615,Dihang,Lohit,0.03,4617,E(o),False,0.0295588022415444,4617.0,15.072205787438179,0.2315196186631625,0.0,0,1,0,0,0,0,0,20.45137780533075,51.669551849365234,0
HKH-18424,28.374,97.466,Dihang,Lohit,0.041,4743,M(o),False,0.04018178963283183,4743.0,0.09796074150105652,1.122024510948419,26.05237941812388,0,0,0,0,0,1,0,19.52430700488103,54.23497772216797,0
HKH-18467,28.465,97.229,Dihang,Lohit,0.016,4407,E(o),False,0.01587334915629015,4407.0,25.315030214179156,0.1527308415671398,0.0,0,1,0,0,0,0,0,23.578540145700735,60.97444534301758,0
HKH-18478,28.296,97.197,Dihang,Lohit,0.017,4219,E(o),False,0.0168571170664229,4219.0,19.709301050014517,0.12209069375833088,0.0,0,1,0,0,0,0,0,28.04115961626254,61.46541213989258,0
HKH-18526,28.76,97.601,Dihang,Lohit,0.013,4403,E(o),False,0.012916225266546328,4403.0,8.572597818435609,0.10401117398760416,0.0,0,1,0,0,0,0,0,19.7483314018563,41.933197021484375,0
HKH-18775,28.46,97.416,Dihang,Lohit,0.026,4424,E(o),False,0.02566774674857779,4424.0,9.394431459740478,0.4894654004857875,0.0,0,1,0,0,0,0,0,16.082645573969376,48.55833053588867,0
HKH-18866,28.494,97.39,Dihang,Lohit,0.004,4429,E(o),False,0.003992021269537453,4429.0,13.770414480689086,0.4894654004857875,0.0,0,1,0,0,0,0,0,16.79910192666357,67.1399917602539,0
HKH-18940,28.202,97.266,Dihang,Lohit,0.028,3985,E(o),False,0.027615167032973367,3985.0,10.604759435934554,0.2395211497673582,0.0,0,1,0,0,0,0,0,15.50737553543631,37.005470275878906,0
HKH-18957,28.181,97.344,Dihang,Lohit,0.008,4501,E(o),False,0.007968169649176874,4501.0,1.7200097310791262,0.10710541235282246,1.9578443983101221,0,1,0,0,0,0,0,21.97902670663599,61.340003967285156,0
HKH-18959,28.173,97.282,Dihang,Lohit,0.005,4208,E(o),False,0.004987541511039074,4208.0,9.020961200410978,0.16229997171937324,0.0,0,1,0,0,0,0,0,27.498231109614782,51.668312072753906,0
HKH-19019,28.706,97.636,Dihang,Lohit,0.007,4544,E(o),False,0.006975613736425242,4544.0,13.039210834824486,0.07032746979553213,0.0,0,1,0,0,0,0,0,21.29744393567242,55.692237854003906,0
HKH-19021,28.726,97.583,Dihang,Lohit,0.006,4451,E(o),False,0.005982071677547464,4451.0,10.670334451110836,0.10401117398760416,0.0,0,1,0,0,0,0,0,19.92192826588772,57.906707763671875,0
HKH-19048,28.883,97.369,Dihang,Lohit,0.021,4647,E(o),False,0.020782539182528505,4647.0,1.233945536999863,0.10364479810319205,4.792605880338932,0,1,0,0,0,0,0,16.173252606759075,54.12961959838867,0
HKH-19051,28.859,97.595,Dihang,Lohit,0.007,4491,E(o),False,0.006975613736425242,4491.0,4.120013250211399,0.10401117398760416,0.10401117398760416,0,1,0,0,0,0,0,19.59267115703069,47.04262161254883,0
HKH-19152,29.695,96.428,Yarlung Zangbo,Yigong Zangbo,0.014,4588,M(e),False,0.013902905168991422,4588.0,0.40308173465812586,0.7314823046056618,15.087982768128192,0,0,0,1,0,0,0,20.15939600530324,50.49542236328125,0
HKH-19175,29.581,96.518,Yarlung Zangbo,Yigong Zangbo,0.008,4819,E(o),False,0.007968169649176874,4819.0,0.7111422886786767,0.31091116626199783,2.0220243964742233,0,1,0,0,0,0,0,18.294746282485345,50.17839813232422,0
HKH-19197,29.979,95.957,Yarlung Zangbo,Yigong Zangbo,0.006,4861,M(o),False,0.005982071677547464,4861.0,0.4101814659764751,0.15306230827784692,54.416709179019705,0,0,0,0,0,1,0,29.42715662433273,58.781856536865234,0
HKH-19222,29.353,95.716,Yarlung Zangbo,Yarlung Zangbo,0.007,4134,E(o),False,0.006975613736425242,4134.0,5.786678491806076,0.31492838375820714,0.0,0,1,0,0,0,0,0,17.605964957909265,63.0380744934082,0
HKH-19224,29.379,95.871,Yarlung Zangbo,Yarlung Zangbo,0.004,4403,E(o),False,0.003992021269537453,4403.0,0.5846995676435849,1.6350720378263295,26.593949353840667,0,1,0,0,0,0,0,17.479515542311898,54.290897369384766,0
HKH-19305,29.294,96.016,Dihang,Dibhang,0.004,4187,E(o),False,0.003992021269537453,4187.0,0.8438676093340582,0.4602496086346521,18.9003910804287,0,1,0,0,0,0,0,14.257131488817535,40.575313568115234,0
HKH-19355,29.804,96.458,Yarlung Zangbo,Yigong Zangbo,0.023,5113,E(o),False,0.02273948696948943,5113.0,0.5901846001272136,2.3538719389290654,27.122865591261696,0,1,0,0,0,0,0,15.648938256431723,43.300289154052734,0
HKH-19375,29.469,96.5,Yarlung Zangbo,Yigong Zangbo,0.047,3816,M(e),True,0.045928931888399804,3816.0,0.5727381110869065,29.60501168971083,32.12338940791356,0,0,0,1,0,0,0,8.96174890905639,34.790184020996094,1
HKH-19431,29.255,96.616,Dihang,Lohit,0.004,3848,M(o),False,0.003992021269537453,3848.0,0.0,17.96885117516923,238.96286367917895,0,0,0,0,0,1,0,15.971579973870776,64.68987274169922,0
HKH-19436,29.223,96.843,Yarlung Zangbo,Yigong Zangbo,0.006,4307,E(o),False,0.005982071677547464,4307.0,1.8014030941738115,0.15494517916001355,115.06780646250235,0,1,0,0,0,0,0,12.647088900677735,40.19873046875,0
HKH-19444,29.297,96.83,Yarlung Zangbo,Yigong Zangbo,0.027,3996,E(o),False,0.02664193094642118,3996.0,2.390742785605494,192.55362560229403,195.38575993957798,0,1,0,0,0,0,0,6.731625343284161,27.560714721679688,0
HKH-19453,29.31,96.902,Yarlung Zangbo,Yigong Zangbo,0.012,5113,E(o),False,0.011928570865273802,5113.0,0.23337597452985176,0.10059020592959081,12.23815613009441,0,1,0,0,0,0,0,21.562970600744897,50.19704055786133,0
HKH-19559,28.503,96.887,Dihang,Lohit,0.004,4448,E(o),False,0.003992021269537453,4448.0,0.0,1.1618387948053475,3.073029280904932,0,1,0,0,0,0,0,13.870656970124527,37.33745193481445,0
HKH-19567,28.023,96.872,Dihang,Lohit,0.016,3797,E(o),False,0.01587334915629015,3797.0,16.84038509040699,0.7629293443074671,0.0,0,1,0,0,0,0,0,26.917677263061424,53.734336853027344,0
HKH-19590,28.718,96.982,Dihang,Lohit,0.003,4410,E(o),False,0.002995508979798479,4410.0,15.599220583577262,0.6082728627389274,0.0,0,1,0,0,0,0,0,32.17308112454214,69.56494903564453,0
HKH-19659,27.888,97.08,Dihang,Lohit,0.041,3815,E(c),False,0.04018178963283183,3815.0,22.651682172178422,0.33656620123693837,0.0,1,0,0,0,0,0,0,26.966521026865248,58.057322315444715,0
HKH-19690,29.793,94.621,Yarlung Zangbo,Yigong Zangbo,0.005,4482,E(o),False,0.004987541511039074,4482.0,49.544412242539174,0.7351646056788581,0.0,0,1,0,0,0,0,0,14.74319523471636,33.357093811035156,0
HKH-19691,29.823,94.496,Yarlung Zangbo,Nyang,0.004,4235,E(o),False,0.003992021269537453,4235.0,56.72736203385504,0.3101038001099921,0.0,0,1,0,0,0,0,0,21.739692676729252,48.516056060791016,0
HKH-19717,29.86,94.596,Yarlung Zangbo,Yigong Zangbo,0.013,4689,E(o),False,0.012916225266546328,4689.0,56.00023732646643,0.7351646056788581,0.0,0,1,0,0,0,0,0,22.182201873899633,68.21421813964844,0
HKH-19733,29.894,95.947,Yarlung Zangbo,Yigong Zangbo,0.056,4731,M(o),False,0.054488185284069734,4731.0,0.1579324994328176,1.3207577851023529,63.37489718813084,0,0,0,0,0,1,0,16.141062305131822,46.7541618347168,0
HKH-19744,30.027,95.42,Yarlung Zangbo,Yigong Zangbo,0.079,3980,M(e),False,0.0760346862759976,3980.0,0.5349687127218143,2.765364809463645,13.857093990538885,0,0,0,1,0,0,0,9.248330051992768,24.52463722229004,0
HKH-19756,30.028,94.495,Yarlung Zangbo,Yigong Zangbo,0.015,4465,E(o),False,0.014888612493750654,4465.0,73.36774903233837,52.895894016931464,0.0,0,1,0,0,0,0,0,25.806568530899956,58.32159423828125,0
HKH-19796,30.419,95.072,Yarlung Zangbo,Yigong Zangbo,0.024,3934,O,False,0.023716526617316044,3934.0,6.598607055980094,69.05878494794962,0.0,0,0,0,0,0,0,1,16.470721469161347,57.329463958740234,0
HKH-19804,30.393,94.653,Yarlung Zangbo,Yigong Zangbo,0.213,4007,E(o),False,0.19309662996191307,4007.0,49.84665520410655,52.895894016931464,0.0,0,1,0,0,0,0,0,16.07324218333111,62.432769775390625,0
HKH-19831,30.461,95.596,Yarlung Zangbo,Yigong Zangbo,0.004,5139,E(o),False,0.003992021269537453,5139.0,0.687600691584448,0.12762419161911004,7.557434690499123,0,1,0,0,0,0,0,23.921770445609457,59.63302993774414,0
HKH-19896,28.751,93.254,Subansiri,Subansiri,0.014,4890,E(o),False,0.013902905168991422,4890.0,5.249608133200293,0.17956090465594954,0.0,0,1,0,0,0,0,0,12.583336721396025,46.97148132324219,0
HKH-19906,28.741,93.807,Yarlung Zangbo,Yarlung Zangbo,0.006,4168,E(o),False,0.005982071677547464,4168.0,14.278627419204033,0.3185121989591636,0.0,0,1,0,0,0,0,0,20.22378502844315,65.26678466796875,0
HKH-19908,28.917,92.966,Yarlung Zangbo,Yarlung Zangbo,0.01,5047,E(o),False,0.009950330853168083,5047.0,23.95880358580964,0.15765145333933878,0.0,0,1,0,0,0,0,0,24.731752124686828,64.16361236572266,0
HKH-19922,28.85,93.803,Yarlung Zangbo,Yarlung Zangbo,0.014,4719,E(o),False,0.013902905168991422,4719.0,19.872431619292854,0.3185121989591636,0.0,0,1,0,0,0,0,0,21.758276369874768,62.613792419433594,0
HKH-20108,29.467,93.147,Yarlung Zangbo,Nyang,0.007,5149,E(o),False,0.006975613736425242,5149.0,66.00395159178078,0.17956090465594954,0.0,0,1,0,0,0,0,0,17.543297327418188,36.89491271972656,0
HKH-20176,31.02,92.844,Yarlung Zangbo,Lhasa,0.031,4835,O,False,0.030529205034822874,4835.0,208.14337233354365,0.15765145333933878,0.0,0,0,0,0,0,0,1,2.858292263725975,9.69074821472168,0
HKH-20205,28.304,90.741,Manas,Kurichu,0.107,4768,M(e),True,0.10165365372649983,4768.0,0.5297256652092336,2.144000295969562,25.019862096731256,0,0,0,1,0,0,0,19.65415192474098,54.889373779296875,1
HKH-20210,28.281,90.809,Manas,Kurichu,0.004,5186,E(o),False,0.003992021269537453,5186.0,5.017820147846884,0.13989760251334057,0.0,0,1,0,0,0,0,0,24.276297532880918,66.80374908447266,0
HKH-20227,28.948,91.064,Yarlung Zangbo,Langkamu,0.022,4502,O,False,0.02176149178151269,4502.0,38.894883937872464,0.08623303928593473,0.0,0,0,0,0,0,0,1,5.211825324829026,34.2889404296875,0
HKH-20305,27.896,90.816,Manas,Chamkharchu,0.475,4712,E(o),True,0.3886579897917831,4712.0,1.343976079738427,0.508408319660747,4.786881431219494,0,1,0,0,0,0,0,5.155010364582212,57.69561004638672,1
HKH-20318,27.911,90.86,Manas,Kurichu,0.04,4324,E(o),False,0.039220713153281295,4324.0,4.2554554720010005,0.05436769538689965,0.05436769538689965,0,1,0,0,0,0,0,24.892212245433182,61.77616500854492,0
HKH-20417,28.034,90.651,Manas,Chamkharchu,0.022,5008,E(o),False,0.02176149178151269,5008.0,1.6566672621369447,0.4629380155101884,11.131558836311763,0,1,0,0,0,0,0,17.068790240493936,60.06618881225586,0
HKH-20426,28.021,90.708,Manas,Chamkharchu,1.173,4865,M(e),True,0.7761087012742927,4865.0,1.3630427470719362,8.148201874380488,19.40621071361358,0,0,0,1,0,0,0,8.510883378710693,40.67818832397461,1
HKH-20448,27.878,89.312,Yarlung Zangbo,Nianchu,0.633,4991,M(e),True,0.4904188139883281,4991.0,0.4632927768198989,3.863356559159606,29.71446870863567,0,0,0,1,0,0,0,0.780695561218336,27.98283576965332,1
HKH-20453,27.884,89.351,Yarlung Zangbo,Nianchu,0.173,4956,M(e),True,0.1595645696713384,4956.0,0.38776741089519856,2.872940525673325,23.281222629600833,0,0,0,1,0,0,0,15.851540976023585,42.020042419433594,1
HKH-20463,27.928,89.456,Punatsangchu,Mochu,0.057,4555,E(c),False,0.055434706888100586,4555.0,4.839858255687864,0.03541304004748765,0.03541304004748765,1,0,0,0,0,0,0,25.40029350418511,55.74649429321289,0
HKH-20525,30.193,92.951,Yarlung Zangbo,Nyang,0.011,5219,E(o),False,0.010939940038334364,5219.0,133.18089183156775,0.15765145333933878,0.0,0,1,0,0,0,0,0,20.886514217287495,65.86008887407677,0
HKH-20533,30.273,92.816,Yarlung Zangbo,Nyang,0.007,5152,E(o),False,0.006975613736425242,5152.0,143.40889021424195,0.15765145333933878,0.0,0,1,0,0,0,0,0,22.944336168563467,49.52932357788086,0
HKH-20574,30.947,92.569,Yarlung Zangbo,Lhasa,0.021,4745,O,False,0.020782539182528505,4745.0,209.46317192989343,0.15765145333933878,0.0,0,0,0,0,0,0,1,2.3614989112951013,7.45594596862793,0
HKH-20586,30.958,92.565,Yarlung Zangbo,Lhasa,0.007,4753,O,False,0.006975613736425242,4753.0,210.54092969278642,0.15765145333933878,0.0,0,0,0,0,0,0,1,2.5071256486707245,8.486051559448242,0
HKH-20667,30.407,82.256,Yarlung Zangbo,Maquan,0.153,4936,E(o),False,0.14236724128692196,4936.0,20.369203563434887,0.5520269533371527,0.0,0,1,0,0,0,0,0,2.2676529824838085,6.405665874481201,0
HKH-20704,30.49,90.716,Yarlung Zangbo,Lhasa,0.016,5512,M(e),False,0.01587334915629015,5512.0,184.1419558085933,0.08623303928593473,0.0,0,0,0,1,0,0,0,11.596814574356193,33.24238204956055,0
HKH-20725,28.017,88.708,Tista,Zemu,0.005,5198,M(e),False,0.004987541511039074,5198.0,1.8139280605444372,1.4066243734989126,17.734233216293767,0,0,0,1,0,0,0,13.856734973857456,35.613372802734375,0
HKH-20726,28.008,88.623,Tista,Zemu,0.009,4965,M(e),False,0.008959741371471904,4965.0,0.688275624339775,0.1395565186174974,12.412203024404603,0,0,0,1,0,0,0,18.52995555412473,44.77415084838867,0
HKH-20727,27.9,88.217,Tista,Zemu,0.006,5406,M(e),False,0.005982071677547464,5406.0,0.3432733937557383,13.696857484388005,103.19338373381824,0,0,0,1,0,0,0,11.394419839597347,32.8301887512207,0
HKH-20728,27.889,88.208,Tista,Zemu,0.005,5477,M(e),False,0.004987541511039074,5477.0,0.0,13.696857484388005,109.33245045999804,0,0,0,1,0,0,0,10.743765021429825,28.142542549679955,0
HKH-20729,27.759,88.484,Tista,Zemu,0.141,4467,E(o),False,0.13190507087993858,4467.0,0.6106898070794093,0.48000570130183573,3.711319344170865,0,1,0,0,0,0,0,16.23294174839232,49.337181091308594,0
HKH-20730,27.785,88.407,Tista,Zemu,0.007,4860,E(o),False,0.006975613736425242,4860.0,1.3320987353894724,0.05582642365320013,76.57241671083564,0,1,0,0,0,0,0,18.150975781258488,50.00874328613281,0
HKH-20731,27.746,88.389,Tista,Zemu,0.061,4857,E(o),False,0.05921185963184608,4857.0,1.2513007871295727,0.3039902689294469,87.56556050899407,0,1,0,0,0,0,0,19.35991348349333,70.71731567382812,0
HKH-20732,27.745,88.433,Tista,Zemu,0.045,4495,E(o),False,0.04401688541677432,4495.0,2.3345313469917333,0.15964482954261278,3.8116616852388083,0,1,0,0,0,0,0,21.79763842341332,61.577083587646484,0
HKH-20733,27.768,88.647,Tista,Zemu,0.01,4415,E(c),False,0.009950330853168083,4415.0,3.7048074305196805,0.2134450714612559,4.2025127886330305,1,0,0,0,0,0,0,22.90332600763736,41.7335205078125,0
HKH-20734,27.883,88.568,Tista,Zemu,0.011,4581,E(o),False,0.010939940038334364,4581.0,4.2982929961612015,0.47824923001751546,0.6509155109810779,0,1,0,0,0,0,0,23.113116714069644,44.76097106933594,0
HKH-20735,27.956,88.51,Tista,Zemu,0.023,4808,E(o),False,0.02273948696948943,4808.0,2.139394057805933,3.1137719865669005,8.252738120233719,0,1,0,0,0,0,0,17.389140366925723,53.320640563964844,0
HKH-20736,27.966,88.743,Tista,Changme,0.009,5067,M(o),False,0.008959741371471904,5067.0,1.7646157949755874,0.40313695199924154,6.176112214177566,0,0,0,0,0,1,0,8.078889184812697,24.952075958251953,0
HKH-20741,28.633,96.662,Dihang,Lohit,0.016,3767,O,False,0.01587334915629015,3767.0,2.859799579251823,0.08257409972041964,2.044579688020338,0,0,0,0,0,0,1,14.36732298669659,50.24247360229492,0
HKH-20791,29.499,94.04,Yarlung Zangbo,Yarlung Zangbo,0.011,4607,E(o),False,0.010939940038334364,4607.0,69.33400827877053,0.3101038001099921,0.0,0,1,0,0,0,0,0,14.782999366272296,62.07733154296875,0
HKH-20857,30.481,83.598,Yarlung Zangbo,Maquan,0.011,5578,E(o),False,0.010939940038334364,5578.0,100.05836369769308,0.06611930791136261,0.0,0,1,0,0,0,0,0,17.480038576736504,40.79623031616211,0
HKH-20880,27.746,88.681,Tista,Zemu,0.071,4747,E(c),False,0.06859279146561172,4747.0,2.579085657335428,0.2171237070117438,1.4930247325184358,1,0,0,0,0,0,0,20.569769431265897,48.44878387451172,0
HKH-20881,27.704,88.649,Tista,Zemu,0.029,4357,E(c),False,0.028587456851912555,4357.0,5.789725104342725,0.5681729317633335,0.0,1,0,0,0,0,0,0,25.88460281132671,63.59008026123047,0
HKH-20882,27.72,88.676,Tista,Zemu,0.008,4282,E(o),False,0.007968169649176874,4282.0,2.531888713142793,0.5681729317633335,1.4930247325184358,0,1,0,0,0,0,0,23.350558168309117,66.4122543334961,0
HKH-20883,27.752,88.708,Tista,Changme,0.044,4357,M(o),False,0.04305948946044697,4357.0,1.146720460268946,0.2171237070117438,1.4930247325184358,0,0,0,0,0,1,0,16.967371794467798,60.175865173339844,0
HKH-20884,27.762,88.7,Tista,Changme,0.009,4844,E(c),False,0.008959741371471904,4844.0,2.0245820912808177,0.2171237070117438,1.4930247325184358,1,0,0,0,0,0,0,31.392390286184977,66.01008605957031,0
HKH-20885,27.727,88.604,Tista,Zemu,0.013,4273,E(c),False,0.012916225266546328,4273.0,7.892570923329106,0.06746833413125451,0.0,1,0,0,0,0,0,0,25.009439866037216,58.94291687011719,0
HKH-20886,27.745,88.612,Tista,Zemu,0.013,4021,E(o),False,0.012916225266546328,4021.0,6.0522634488722185,0.06746833413125451,0.0,0,1,0,0,0,0,0,25.461950182856206,52.88467788696289,0
HKH-20887,27.752,88.587,Tista,Zemu,0.009,4510,E(o),False,0.008959741371471904,4510.0,6.575674683749877,0.06746833413125451,0.0,0,1,0,0,0,0,0,20.058309797025625,53.75565719604492,0
HKH-20888,27.701,88.514,Tista,Zemu,0.07,4484,E(o),False,0.06765864847381481,4484.0,2.3312466175846547,0.16886807260685907,3.5516745146282522,0,1,0,0,0,0,0,15.134521895112382,50.80427169799805,0
HKH-20889,27.703,88.513,Tista,Zemu,0.009,4499,E(o),False,0.008959741371471904,4499.0,2.1294731646138856,0.16886807260685907,3.5516745146282522,0,1,0,0,0,0,0,13.186358446197362,41.971778869628906,0
HKH-20890,27.824,88.453,Tista,Zemu,0.093,4560,E(o),False,0.0889262091944015,4560.0,5.389273119643794,0.07682979219739146,0.0,0,1,0,0,0,0,0,12.413599204350362,35.15342712402344,0
HKH-20891,27.808,88.443,Tista,Zemu,0.011,4691,E(o),False,0.010939940038334364,4691.0,5.25124869086758,0.07682979219739146,0.0,0,1,0,0,0,0,0,20.283981097945002,66.24542999267578,0
HKH-20892,27.851,88.505,Tista,Zemu,0.056,4846,E(c),False,0.054488185284069734,4846.0,0.7195873173572066,0.10560860907700699,0.3820046337933427,1,0,0,0,0,0,0,21.501410353699228,63.99811935424805,0
HKH-20893,27.851,88.509,Tista,Zemu,0.041,4850,E(c),False,0.04018178963283183,4850.0,1.1032979133930256,0.10560860907700699,0.3820046337933427,1,0,0,0,0,0,0,18.140160138339024,44.68709182739258,0
HKH-20894,27.845,88.507,Tista,Zemu,0.047,4691,E(c),False,0.045928931888399804,4691.0,1.2920914521823144,0.10560860907700699,0.3820046337933427,1,0,0,0,0,0,0,19.865311409726154,58.121063232421875,0
HKH-20895,27.85,88.501,Tista,Zemu,0.023,4887,E(c),False,0.02273948696948943,4887.0,0.518350970323031,0.10560860907700699,0.3820046337933427,1,0,0,0,0,0,0,24.795030134076292,62.84281539916992,0
HKH-20896,27.833,88.502,Tista,Zemu,0.016,4989,E(o),False,0.01587334915629015,4989.0,2.042994159152883,0.10560860907700699,0.3820046337933427,0,1,0,0,0,0,0,21.75873574333306,59.449195861816406,0
HKH-20897,27.798,88.523,Tista,Zemu,0.034,4509,E(o),False,0.03343477608623739,4509.0,5.487821381804057,0.48000570130183573,0.0,0,1,0,0,0,0,0,21.798206704030726,51.0594482421875,0
HKH-20898,27.788,88.522,Tista,Zemu,0.007,4429,E(o),False,0.006975613736425242,4429.0,4.710934280732782,0.48000570130183573,0.7913663509418818,0,1,0,0,0,0,0,28.40240236760144,72.02777099609375,0
HKH-20899,27.813,88.505,Tista,Zemu,0.011,4759,E(o),False,0.010939940038334364,4759.0,3.9212139146265907,0.10560860907700699,0.10560860907700699,0,1,0,0,0,0,0,19.071520081133233,45.62174606323242,0
HKH-20900,27.836,88.462,Tista,Zemu,0.01,4201,E(o),False,0.009950330853168083,4201.0,3.929661584182356,0.27639602471633573,0.3820046337933427,0,1,0,0,0,0,0,20.4069385306529,49.2306022644043,0
HKH-20901,27.855,88.478,Tista,Zemu,0.009,4881,E(o),False,0.008959741371471904,4881.0,1.6821449274639786,0.27639602471633573,0.3820046337933427,0,1,0,0,0,0,0,9.472689844538422,50.49026107788086,0
HKH-20902,27.858,88.478,Tista,Zemu,0.008,4893,E(o),False,0.007968169649176874,4893.0,1.4049033567070437,0.27639602471633573,0.3820046337933427,0,1,0,0,0,0,0,15.28294504973463,67.51351165771484,0
HKH-20903,27.881,88.446,Tista,Zemu,0.028,4946,E(o),False,0.027615167032973367,4946.0,3.631310948106641,0.27639602471633573,0.6164466843890865,0,1,0,0,0,0,0,16.658602383060533,50.321109771728516,0
HKH-20904,27.88,88.457,Tista,Zemu,0.01,5069,E(o),False,0.009950330853168083,5069.0,2.3290667484235064,0.27639602471633573,0.6164466843890865,0,1,0,0,0,0,0,16.533278264273736,72.61817932128906,0
HKH-20905,27.877,88.455,Tista,Zemu,0.007,4951,E(o),False,0.006975613736425242,4951.0,2.568149475072218,0.27639602471633573,0.6164466843890865,0,1,0,0,0,0,0,17.611445935744392,54.657127380371094,0
HKH-20906,27.875,88.453,Tista,Zemu,0.01,4951,E(o),False,0.009950330853168083,4951.0,2.8202989883944656,0.27639602471633573,0.6164466843890865,0,1,0,0,0,0,0,16.166863337896846,58.79330825805664,0
HKH-20907,27.903,88.473,Tista,Zemu,0.01,4742,E(o),False,0.009950330853168083,4742.0,1.42871716521737,0.15315272529459215,1.649490763838883,0,1,0,0,0,0,0,25.394744383328625,53.26271057128906,0
HKH-20908,27.922,88.461,Tista,Zemu,0.017,5119,E(o),False,0.0168571170664229,5119.0,0.3214694310445358,0.1868979343781586,1.649490763838883,0,1,0,0,0,0,0,22.237659379600686,59.751853942871094,0
HKH-20931,29.621,86.375,Yarlung Zangbo,Dogxung Zangbo,0.011,5830,E(c),False,0.010939940038334364,5830.0,68.43328746533787,0.3073029283197529,0.0,1,0,0,0,0,0,0,22.660768293261924,41.36688232421875,0
HKH-20932,27.837,88.866,Tista,Changme,0.014,4963,M(o),False,0.013902905168991422,4963.0,1.6689925572376618,0.2482446358041954,34.13850760556091,0,0,0,0,0,1,0,14.563673725060847,59.213443756103516,0
HKH-20933,27.788,88.687,Tista,Changme,0.01,4610,E(c),False,0.009950330853168083,4610.0,2.982303240463026,0.2134450714612559,3.991236603204802,1,0,0,0,0,0,0,18.408512020903018,54.286048889160156,0
HKH-21041,28.117,97.333,Irrawaddy,Irrawaddy,0.026,4523,E(c),False,0.02566774674857779,4523.0,4.724075218490331,0.2807945815331005,0.2807945815331005,1,0,0,0,0,0,0,19.150750019858158,65.65848541259766,0
HKH-21132,28.511,97.676,Irrawaddy,Irrawaddy,0.005,4534,E(o),False,0.004987541511039074,4534.0,7.965864987082774,0.251955348115754,0.0,0,1,0,0,0,0,0,12.484685556647435,33.33045959472656,0
HKH-21167,28.306,98.247,Irrawaddy,Irrawaddy,0.066,4562,E(o),False,0.0639133257436528,4562.0,8.979891227723781,0.13611318232521746,0.0,0,1,0,0,0,0,0,16.32397335578012,40.117124874690035,0
HKH-21197,28.31,97.959,Irrawaddy,Irrawaddy,0.028,4679,E(o),False,0.027615167032973367,4679.0,1.4008531524195655,0.3786558301611756,0.7752588176211147,0,1,0,0,0,0,0,17.65829645410389,54.7905158996582,0
HKH-21228,28.474,97.611,Irrawaddy,Irrawaddy,0.014,4584,E(o),False,0.013902905168991422,4584.0,9.474319215985794,0.14518946942402797,0.0,0,1,0,0,0,0,0,13.682193120978871,34.29309844970703,0
HKH-21364,28.269,97.962,Irrawaddy,Irrawaddy,0.007,4208,E(o),False,0.006975613736425242,4208.0,5.096003839699772,0.3786558301611756,0.0,0,1,0,0,0,0,0,19.405789082466022,48.62858581542969,0
HKH-21420,28.408,98.081,Irrawaddy,Irrawaddy,0.027,4425,E(o),False,0.02664193094642118,4425.0,13.423061360433815,0.1556479175292829,0.0,0,1,0,0,0,0,0,27.40928079322519,53.211090087890625,0
HKH-21426,28.434,98.089,Irrawaddy,Irrawaddy,0.007,4384,E(o),False,0.006975613736425242,4384.0,14.586773848150033,0.1556479175292829,0.0,0,1,0,0,0,0,0,22.287685336741607,53.806396484375,0
HKH-21458,28.488,97.802,Irrawaddy,Irrawaddy,0.021,4938,E(o),False,0.020782539182528505,4938.0,0.716136128321477,0.10744308894647979,0.9429937237677744,0,1,0,0,0,0,0,15.214729425552925,46.174381256103516,0
HKH-21506,27.913,97.378,Irrawaddy,Irrawaddy,0.029,4115,E(o),False,0.028587456851912555,4115.0,14.13299184713641,0.20082620647196708,0.0,0,1,0,0,0,0,0,27.20937246798459,68.44302368164062,0
HKH-21606,30.297,81.387,Karnali,Humla,0.28,5516,M(e),False,0.2468600779315258,5516.0,0.34668988121379657,1.5211774609365196,31.112215641657365,0,0,0,1,0,0,0,4.495364688099189,58.56968307495117,0
HKH-21609,29.662,82.872,Karnali,Mugu,0.058,5042,M(e),False,0.05638033343610764,5042.0,0.5344485859435381,1.752623367371817,29.473074219358672,0,0,0,1,0,0,0,19.404253203497586,53.364776611328125,0
HKH-21611,29.2,83.683,Gandaki,KaliGandaki,0.251,5482,M(e),False,0.22394323148477407,5482.0,4.286161396691405,1.6902370527478017,16.254097068617096,0,0,0,1,0,0,0,6.876718538189298,31.25801658630371,0
HKH-21632,30.747,78.986,Upper Ganga,Bhilanga,0.178,4727,M(e),False,0.16381808522939495,4727.0,0.0,1.1539574617825332,19.091611028371787,0,0,0,1,0,0,0,14.812568978425649,43.865966796875,0
HKH-21642,29.941,82.147,Karnali,Humla,0.018,4682,M(e),False,0.017839918128331,4682.0,0.25231056471771496,0.625682979587359,22.99049122118806,0,0,0,1,0,0,0,19.241814916077516,60.883766174316406,0
HKH-21686,30.28,81.456,Karnali,Humla,0.011,5390,M(o),False,0.010939940038334364,5390.0,0.24478824246600364,7.149664023296116,21.054482146531964,0,0,0,0,0,1,0,15.795295043457108,59.57198715209961,0
HKH-21718,28.596,84.628,Gandaki,BudiGandaki,0.289,3632,M(e),True,0.25386672395705034,3632.0,1.052292476094982,10.159426051018908,39.30661676981655,0,0,0,1,0,0,0,14.95183481717674,60.058030263966934,1
HKH-21741,30.354,80.655,Karnali,Kali,0.08,4482,E(o),False,0.07696104113612832,4482.0,2.370230375312006,1.1784643142656277,12.504700130022147,0,1,0,0,0,0,0,10.781902046842875,39.27009582519531,0
HKH-21749,28.151,85.495,Gandaki,Trishuli,0.078,5051,M(o),False,0.07510747248680541,5051.0,0.19749579008338775,0.3118096098656768,14.810358838373963,0,0,0,0,0,1,0,15.679370554675558,37.087255160184206,1
HKH-21752,29.489,82.337,Karnali,Tila,0.015,4311,E(o),False,0.014888612493750654,4311.0,8.019816485016385,0.10184260866974254,0.0,0,1,0,0,0,0,0,26.19374840801681,65.56687927246094,0
HKH-21755,29.723,82.696,Karnali,Mugu,0.013,5484,M(e),False,0.012916225266546328,5484.0,0.5746166154133809,0.08346567986934818,33.81747156499488,0,0,0,1,0,0,0,22.296269234651,60.970008850097656,0
HKH-21779,29.898,81.578,Karnali,Kawari,0.256,3566,M(e),True,0.22793206804600694,3566.0,0.08547003143540233,6.733532779818803,15.577634574218127,0,0,0,1,0,0,0,8.494005902560637,22.10643768310547,1
HKH-21787,28.568,85.457,Gandaki,Trishuli,0.178,4492,M(e),True,0.16381808522939495,4492.0,0.2314694340458162,39.98831560246901,102.54396865170622,0,0,0,1,0,0,0,7.60291506404888,30.910625457763672,1
HKH-21793,29.149,83.545,Karnali,Bheri,0.042,5449,M(o),False,0.04114194333117518,5449.0,6.751611440239335,0.20828538641217767,0.0,0,0,0,0,0,1,0,16.579309702018648,39.989501953125,0
HKH-21843,28.267,85.45,Gandaki,Trishuli,0.01,4637,M(o),False,0.009950330853168083,4637.0,0.36754753013647157,0.8388074665275596,5.781152416647768,0,0,0,0,0,1,0,24.494377573258383,69.57363891601562,0
HKH-21934,30.251,81.877,Karnali,Humla,0.009,5410,M(o),True,0.008959741371471904,5410.0,0.0,1.0297520159066462,20.42027399277567,0,0,0,0,0,1,0,8.972710652689209,44.12694549560547,1
HKH-21979,28.745,83.997,Gandaki,Marshyangdi,0.024,4906,M(e),True,0.023716526617316044,4906.0,1.1272773952578212,1.2709197625047248,17.82518898422525,0,0,0,1,0,0,0,19.773678206854555,36.76533508300781,1
HKH-22000,29.875,82.451,Karnali,Humla,0.014,5271,M(o),True,0.013902905168991422,5271.0,0.5357466111339843,0.8336893509680305,2.919583451526151,0,0,0,0,0,1,0,19.371036641558124,50.6546745300293,1
HKH-22029,29.747,82.684,Karnali,Mugu,0.007,5359,M(e),False,0.006975613736425242,5359.0,0.3883099132549,1.1069229700159473,34.17058305752273,0,0,0,1,0,0,0,21.717262986823258,59.64714431762695,0
HKH-22034,28.373,85.593,Gandaki,Trishuli,0.029,5276,M(o),False,0.028587456851912555,5276.0,1.3551005876691635,2.5990687106216783,64.54028517174794,0,0,0,0,0,1,0,10.693841047014452,43.080020904541016,0
HKH-22123,28.662,85.477,Pelkhu,Pelkhu,0.118,5196,M(l),True,0.11154137473290741,5196.0,1.6750973425667015,3.313962782573674,77.53453455407801,0,0,0,0,1,0,0,16.41710855507229,45.077022552490234,1
HKH-22150,29.976,81.177,Karnali,West Seti,0.014,4384,M(o),False,0.013902905168991422,4384.0,2.755421422869593,1.7483877613073806,27.325300949004475,0,0,0,0,0,1,0,19.72319091163501,47.3693733215332,0
HKH-22165,30.003,82.394,Karnali,Humla,0.022,4910,M(o),False,0.02176149178151269,4910.0,1.1723835665449296,0.8580859920804185,2.8091514377509395,0,0,0,0,0,1,0,14.617368286129084,36.51752853393555,0
HKH-22240,28.553,85.424,Gandaki,Trishuli,0.052,4695,M(o),True,0.050693114315518116,4695.0,0.5271916443138878,0.8316077669090668,75.77224641845818,0,0,0,0,0,1,0,23.35568217584114,66.30695343017578,1
HKH-22285,28.707,83.106,Karnali,Bheri,0.033,4816,M(o),False,0.032467190137501496,4816.0,2.666130817436965,2.7340576657687437,24.129059155596686,0,0,0,0,0,1,0,15.075674925087501,33.435752868652344,0
HKH-22369,31.178,79.154,Upper Ganga,Bhagirathi,0.037,5560,E(c),True,0.036331929247390274,5560.0,0.44849099563036243,0.17591377470789096,0.6233238487610471,1,0,0,0,0,0,0,22.409610904938546,47.9740104675293,1
HKH-22414,29.531,83.235,Karnali,Mugu,0.014,5210,M(e),False,0.013902905168991422,5210.0,22.126169357472747,0.07283324971479059,0.0,0,0,0,1,0,0,0,9.433802411630548,32.33154296875,0
HKH-22430,28.496,85.635,Pelkhu,Pelkhu,4.991,5276,M(e),True,1.7902583431017878,5276.0,1.7154675130263246,3.1667811975556504,118.1834292771001,0,0,0,1,0,0,0,9.246737307870214,32.011478424072266,1
HKH-22525,29.653,82.365,Karnali,Mugu,0.052,4355,E(o),False,0.050693114315518116,4355.0,3.2008293269053434,0.1174751907170478,6.25653328660738,0,1,0,0,0,0,0,21.84262157993609,64.150390625,0
HKH-22547,30.357,80.628,Karnali,Kali,0.011,4842,E(o),True,0.010939940038334364,4842.0,0.8240836646338685,0.8131520258207371,9.314468467014315,0,1,0,0,0,0,0,16.916738222056342,53.373199462890625,1
HKH-22554,30.164,81.664,Karnali,Humla,0.086,4889,M(e),True,0.08250122151174369,4889.0,0.2720390448586061,0.486426738477173,8.471135946961606,0,0,0,1,0,0,0,12.018728736363169,41.836029052734375,1
HKH-22636,29.367,83.402,Karnali,Mugu,0.007,5332,E(o),False,0.006975613736425242,5332.0,1.7487435601080445,0.07974057444825705,0.17586499868308286,0,1,0,0,0,0,0,12.286081367976909,42.406700134277344,0
HKH-22637,30.239,81.996,Karnali,Humla,0.013,5040,M(o),False,0.012916225266546328,5040.0,6.026916786730032,0.09417308146630424,0.0,0,0,0,0,0,1,0,9.813274741912275,31.94811248779297,0
HKH-22656,28.899,86.01,Pelkhu,Pelkhu,0.019,5628,E(c),False,0.01882175424058776,5628.0,9.647010780489133,0.06113653641297077,0.0,1,0,0,0,0,0,0,9.212018221264442,25.726648330688477,0
HKH-22659,30.211,81.876,Karnali,Humla,0.009,5665,E(c),False,0.008959741371471904,5665.0,0.8145838382847269,0.24878644816274303,21.823236041520637,1,0,0,0,0,0,0,23.65660015938207,55.96901321411133,0
HKH-22662,30.04,82.162,Karnali,Humla,0.012,4946,M(o),False,0.011928570865273802,4946.0,0.6231601607833473,0.9994474438509007,19.18098297552713,0,0,0,0,0,1,0,17.47782586214754,44.776573181152344,0
HKH-22666,28.407,85.402,Gandaki,Trishuli,0.072,3896,E(c),False,0.06952606264861023,3896.0,7.759554036547214,0.3837831727810664,0.0,1,0,0,0,0,0,0,24.970664330682713,56.90148162841797,0
HKH-22674,29.648,82.201,Karnali,Mugu,0.031,4261,E(o),False,0.030529205034822874,4261.0,3.992964948322456,0.6075598156437427,1.4628295804023455,0,1,0,0,0,0,0,23.819590899005608,62.76974105834961,0
HKH-22701,29.104,83.638,Gandaki,KaliGandaki,0.03,5688,E(o),False,0.0295588022415444,5688.0,0.8945496528958189,0.1345324566041148,19.571072580768817,0,1,0,0,0,0,0,10.887115006061162,37.834999084472656,0
HKH-22781,30.267,81.437,Karnali,Humla,0.026,5264,M(o),False,0.02566774674857779,5264.0,0.0,0.10066026006008708,22.04415231155281,0,0,0,0,0,1,0,16.72642102925634,52.42516326904297,1
HKH-22838,28.504,85.522,Gandaki,Trishuli,0.039,5245,E(c),True,0.03825871211709034,5245.0,0.5411045904357975,0.13044736753737254,86.27839630357997,1,0,0,0,0,0,0,30.340292457227996,72.1433334350586,1
HKH-22912,28.348,86.494,Koshi,Arun,0.353,5524,M(e),True,0.302324349188651,5524.0,1.1255472379148128,0.33943794602508737,24.78741125893649,0,0,0,1,0,0,0,8.605612372748507,57.91442108154297,1
HKH-22917,28.321,85.93,Koshi,Sun Koshi,0.124,5301,M(e),True,0.11689375147149933,5301.0,0.27530111302907745,0.565194197419934,4.133189074314925,0,0,0,1,0,0,0,13.000574233996982,40.69479751586914,1
HKH-22934,28.294,86.131,Koshi,Sun Koshi,0.235,5244,M(e),True,0.21107097007994052,5244.0,0.8197251177519838,0.8633717617971524,12.088066243453992,0,0,0,1,0,0,0,11.722641284444054,45.8358039855957,1
HKH-22960,28.259,86.102,Koshi,Sun Koshi,0.016,5215,M(o),False,0.01587334915629015,5215.0,1.2738898117713047,0.12406402212619103,5.16008936876424,0,0,0,0,0,1,0,19.920249231104172,40.78864288330078,0
HKH-22968,28.246,86.321,Koshi,Tama Koshi,0.258,5361,M(e),True,0.2295231582782488,5361.0,1.043950738935123,0.6478647252546974,113.83491854078414,0,0,0,1,0,0,0,9.994878321730148,48.7513542175293,1
HKH-22974,28.242,85.922,Koshi,Sun Koshi,0.017,5173,E(o),False,0.0168571170664229,5173.0,5.5010045299850505,0.20212956126583986,0.0,0,1,0,0,0,0,0,14.899172628286346,45.12333297729492,0
HKH-22996,28.212,85.849,Koshi,Sun Koshi,0.427,4357,M(e),True,0.3555743384946994,4357.0,0.47271246582376997,4.5249990295958336,35.52458915550418,0,0,0,1,0,0,0,7.788954005190665,48.17233657836914,1
HKH-23012,28.195,85.871,Koshi,Sun Koshi,0.076,4617,E(c),True,0.07325046173959267,4617.0,0.8160792156955221,1.1554080114047414,43.85770941919408,1,0,0,0,0,0,0,14.515970553883411,58.109981536865234,1
HKH-23043,28.151,87.159,Koshi,Arun,0.81,5141,E(o),False,0.5933268452777344,5141.0,6.54782549937302,0.08639621845268282,0.0,0,1,0,0,0,0,0,0.38546273105654333,10.75297287435007,0
HKH-23076,28.114,87.654,Koshi,Arun,1.438,4954,M(e),False,0.8911780310590798,4954.0,3.5583233018733775,1.5890921702238334,4.069615451751724,0,0,0,1,0,0,0,0.011586713370547888,2.1313116550445557,0
HKH-23089,28.067,86.065,Koshi,Sun Koshi,0.266,4626,M(e),True,0.23586232372198446,4626.0,1.0118261578962162,1.604773783856554,14.09731464717067,0,0,0,1,0,0,0,12.832337181902703,51.97294235229492,1
HKH-23112,28.012,87.51,Koshi,Arun,0.017,4901,E(o),False,0.0168571170664229,4901.0,9.256933834545267,4.605308827540201,0.0,0,1,0,0,0,0,0,20.13763289983836,47.703433990478516,0
HKH-23135,27.965,87.812,Koshi,Arun,0.348,5243,M(e),True,0.2986220124901153,5243.0,0.7819362767494339,0.26844217570549284,29.59730054484943,0,0,0,1,0,0,0,15.369646056098455,39.60453796386719,1
HKH-23139,27.951,87.909,Koshi,Arun,0.675,5165,M(e),True,0.5158131652770298,5165.0,0.6190824590889878,11.877748151660692,39.04473291256012,0,0,0,1,0,0,0,8.811776510390123,58.1822624206543,1
HKH-23142,27.952,87.985,Koshi,Arun,0.073,5482,M(e),True,0.07045846364856141,5482.0,0.8733000339132647,0.3865746229581897,28.138524093353972,0,0,0,1,0,0,0,20.18681604493898,48.397613525390625,1
HKH-23149,27.929,86.434,Koshi,Tama Koshi,0.365,5025,M(e),True,0.31115442863692305,5025.0,0.4952505937383095,4.9706889312784615,70.9319478945562,0,0,0,1,0,0,0,3.031602813364666,23.67953109741211,1
HKH-23150,27.929,86.446,Koshi,Tama Koshi,0.073,5194,M(e),True,0.07045846364856141,5194.0,0.3826191776456387,4.9706889312784615,70.27649831208748,0,0,0,1,0,0,0,7.904991393267121,27.752973556518555,1
HKH-23169,27.829,87.625,Koshi,Arun,0.025,5113,M(o),True,0.0246926125903715,5113.0,0.770255950246978,0.13777699130480836,5.680367155262926,0,0,0,0,0,1,0,17.104540008289632,41.02384948730469,1
HKH-23183,27.816,87.75,Koshi,Tamor,0.179,4902,M(e),True,0.16466662155523387,4902.0,0.4311901556242558,2.120766664044294,31.827801584101024,0,0,0,1,0,0,0,17.71557229220294,44.66912841796875,1
HKH-23196,27.835,88.078,Koshi,Tamor,0.164,5602,M(e),True,0.15186234930924608,5602.0,0.462711304863059,1.6448108592152968,122.12085596718565,0,0,0,1,0,0,0,6.874707008155381,28.871864318847656,1
HKH-23198,27.791,87.935,Koshi,Tamor,0.147,4934,M(e),True,0.13714983814723364,4934.0,0.44004578374459713,1.954053902761346,32.53277282214003,0,0,0,1,0,0,0,18.153820110453278,53.52939987182617,1
HKH-23219,27.785,87.584,Koshi,Arun,0.02,4765,M(o),False,0.019802627296179712,4765.0,3.32881294095643,3.174139746828296,3.227329452058237,0,0,0,0,0,1,0,16.350778388986097,40.73240280151367,0
HKH-23223,27.969,87.542,Koshi,Arun,0.012,4727,E(o),False,0.011928570865273802,4727.0,5.124788805329934,0.07493167468984836,0.0,0,1,0,0,0,0,0,12.357517580382263,44.96532440185547,0
HKH-23259,28.02,87.585,Koshi,Arun,0.019,4799,M(o),False,0.01882175424058776,4799.0,1.1908805066738541,0.18799747522258414,15.935857421162407,0,0,0,0,0,1,0,19.416703973893654,60.27611541748047,0
HKH-23304,28.701,87.396,Koshi,Arun,0.013,5446,E(o),False,0.012916225266546328,5446.0,3.0182562306596306,0.06595658414331401,0.06595658414331401,0,1,0,0,0,0,0,11.036229108783214,32.69755172729492,0
HKH-23352,28.133,86.548,Koshi,Tama Koshi,0.037,5241,M(o),True,0.036331929247390274,5241.0,0.480765397719218,4.483133355285728,107.53511538867927,0,0,0,0,0,1,0,16.518765432181322,49.19143295288086,1
HKH-23360,28.186,86.348,Koshi,Tama Koshi,0.014,5462,M(o),False,0.013902905168991422,5462.0,0.7645549781481142,0.8888881464681008,15.74622002103957,0,0,0,0,0,1,0,11.822233808373921,43.63471603393555,0
HKH-23369,28.265,86.222,Koshi,Tama Koshi,0.016,5374,M(o),False,0.01587334915629015,5374.0,0.4694933819330313,18.431476435441713,112.83655745859122,0,0,0,0,0,1,0,12.722032756453592,62.68524169921875,0
HKH-23372,28.276,86.178,Koshi,Tama Koshi,0.007,5435,M(o),False,0.006975613736425242,5435.0,0.17463764774032906,0.16585412967120902,39.51578243342562,0,0,0,0,0,1,0,15.961573730357562,51.71505355834961,0
HKH-23382,28.197,86.183,Koshi,Tama Koshi,0.025,5195,M(o),False,0.0246926125903715,5195.0,0.30121435573941374,0.12226007365586893,5.661533696227552,0,0,0,0,0,1,0,24.52415293456116,63.93815994262695,0
HKH-23419,28.139,85.919,Koshi,Sun Koshi,0.1,4862,M(e),True,0.09531017980432487,4862.0,0.1904174987181023,1.372599693089141,22.421718939215456,0,0,0,1,0,0,0,18.2435124597296,76.6177749633789,1
HKH-23432,27.881,87.806,Koshi,Tamor,0.306,4681,M(e),False,0.2669690308542393,4681.0,1.070512942035991,0.5806120262654791,30.656108378060342,0,0,0,1,0,0,0,12.221254923420586,58.1442985534668,1
HKH-23433,27.869,87.866,Koshi,Tamor,0.707,4910,M(e),True,0.5347374438123036,4910.0,1.1093093766577176,6.712285700872659,32.249144477751315,0,0,0,1,0,0,0,8.65565901217253,40.61848831176758,1
HKH-23461,27.761,88.035,Koshi,Tamor,0.012,4749,M(e),True,0.011928570865273802,4749.0,0.020598926319909436,9.833674896011274,97.4388104658289,0,0,0,1,0,0,0,22.396049281003027,46.91748046875,1
HKH-23486,27.95,86.417,Koshi,Tama Koshi,0.008,4981,M(o),True,0.007968169649176874,4981.0,0.3318367029927065,1.4820484751157021,59.14171102744633,0,0,0,0,0,1,0,24.783206990988976,42.95797348022461,1
HKH-23488,27.939,86.433,Koshi,Tama Koshi,0.048,5043,M(o),True,0.04688358589885042,5043.0,1.348925423183971,4.9706889312784615,72.94930587482305,0,0,0,0,0,1,0,6.56927984579559,21.46567726135254,1
HKH-23499,27.952,86.778,Koshi,Dudh Koshi,0.03,5002,M(e),True,0.0295588022415444,5002.0,1.2057024834201628,0.3453707948345796,50.0667527669131,0,0,0,1,0,0,0,16.643791238631536,42.01609420776367,1
HKH-23528,27.921,86.745,Koshi,Dudh Koshi,0.021,4871,M(e),True,0.020782539182528505,4871.0,0.5892995842592323,0.4625570464343019,86.26095750224965,0,0,0,1,0,0,0,14.74081979074905,47.230106353759766,1
HKH-23532,27.968,86.699,Koshi,Dudh Koshi,0.013,4796,I(s),False,0.012916225266546328,4796.0,0.0,81.97877855258376,97.46357123979634,0,0,1,0,0,0,0,9.674159244953211,22.712862014770508,0
HKH-23552,27.874,86.586,Koshi,Dudh Koshi,0.403,4364,M(e),True,0.3386128011203239,4364.0,0.6260294373859245,1.312618267404699,40.98379355386267,0,0,0,1,0,0,0,12.82358884163802,67.75999450683594,1
HKH-23553,27.826,86.57,Koshi,Dudh Koshi,0.045,4791,M(l),True,0.04401688541677432,4791.0,0.5694563865650444,0.3167959301454805,52.08166088267743,0,0,0,0,1,0,0,17.93404825775295,62.05305862426758,1
HKH-23559,27.781,86.59,Koshi,Dudh Koshi,0.007,5054,M(l),True,0.006975613736425242,5054.0,0.2515363032413195,2.5434657982081657,29.62208251757284,0,0,0,0,1,0,0,26.688245174258487,67.20684051513672,1
HKH-23570,27.811,86.844,Koshi,Dudh Koshi,0.056,5534,M(o),True,0.054488185284069734,5534.0,0.5622329288452561,1.0117455012706522,18.79266895555677,0,0,0,0,0,1,0,22.01093016889165,74.95471954345703,1
HKH-23574,27.743,86.845,Koshi,Dudh Koshi,0.26,4361,M(e),True,0.23111172096338664,4361.0,1.04905647862666,1.9895895267063024,25.22697476313614,0,0,0,1,0,0,0,15.3679280013125,65.45805358886719,1
HKH-23588,27.799,86.966,Koshi,Dudh Koshi,0.242,5400,M(l),True,0.21672298351128702,5400.0,1.157122909195463,0.5245264430496502,60.25516353369773,0,0,0,0,1,0,0,21.809243598572213,79.4542465209961,1
HKH-23590,27.818,86.955,Koshi,Dudh Koshi,0.067,5431,M(e),True,0.06485097231961631,5431.0,0.8960390416838376,0.6325082154551671,42.943760492936214,0,0,0,1,0,0,0,8.45424885320676,39.414833068847656,1
HKH-23624,27.703,86.56,Koshi,Dudh Koshi,0.078,4798,M(o),False,0.07510747248680541,4798.0,0.982784199347085,0.42098562056784483,12.377799950675252,0,0,0,0,0,1,0,7.793458979559776,22.87582015991211,0
HKH-23635,27.829,87.095,Koshi,Arun,0.116,5215,M(e),True,0.1097508639591192,5215.0,0.6580178292534116,1.308674618926582,98.69143493973205,0,0,0,1,0,0,0,15.994279410734151,49.34496307373047,1
HKH-23648,27.877,87.222,Koshi,Arun,0.015,4599,M(o),False,0.014888612493750654,4599.0,0.3187997231357654,0.06746761661005775,7.402044973119694,0,0,0,0,0,1,0,19.956654123943835,63.32448959350586,0
HKH-23701,27.953,87.491,Koshi,Arun,0.024,4514,E(c),False,0.023716526617316044,4514.0,8.048490858107657,0.06770075367524339,0.0,1,0,0,0,0,0,0,17.51848666071625,39.50423812866211,0
HKH-23726,27.642,87.615,Koshi,Tamor,0.008,4596,E(o),False,0.007968169649176874,4596.0,2.307843055481341,0.4009473123899499,1.6763701679219756,0,1,0,0,0,0,0,17.02249784355035,59.265655517578125,0
HKH-23735,27.672,87.629,Koshi,Tamor,0.016,4861,M(o),True,0.01587334915629015,4861.0,0.37486280073530126,0.4009473123899499,6.993593409807702,0,0,0,0,0,1,0,19.15503498520069,72.0516357421875,1
HKH-23745,28.084,86.47,Koshi,Tama Koshi,0.029,5023,M(e),False,0.028587456851912555,5023.0,1.1100597013016755,0.01700986366018664,36.79704226675166,0,0,0,1,0,0,0,12.38979491573949,32.845985412597656,0
HKH-23746,28.064,86.456,Koshi,Tama Koshi,0.011,5226,M(o),True,0.010939940038334364,5226.0,0.8171030989014317,0.1967476094360703,17.171715496081447,0,0,0,0,0,1,0,13.833832109279788,51.21583938598633,1
HKH-23803,28.694,87.394,Koshi,Arun,0.031,5403,E(o),False,0.030529205034822874,5403.0,3.647875039358565,0.06595658414331401,0.06595658414331401,0,1,0,0,0,0,0,7.5011535074401605,23.661846160888672,0
HKH-23820,28.219,87.534,Koshi,Arun,0.008,5314,E(o),False,0.007968169649176874,5314.0,1.3077971076134625,0.12081754165926985,5.965377953807811,0,1,0,0,0,0,0,10.445739249166099,27.701335906982422,0
HKH-23869,27.56,88.034,Koshi,Tamor,0.03,5058,M(o),False,0.0295588022415444,5058.0,0.108885194715109,0.12591018018445171,43.580126868048616,0,0,0,0,0,1,0,14.743894858330343,35.2425537109375,0
HKH-23876,27.739,87.778,Koshi,Tamor,0.201,4705,E(c),False,0.1831545430978465,4705.0,2.339723244809211,0.06879122699758608,9.641890262396064,1,0,0,0,0,0,0,17.18940012150629,60.59571838378906,0
HKH-23921,28.168,85.866,Koshi,Sun Koshi,0.043,4684,M(e),True,0.04210117601863539,4684.0,0.07424181235869304,6.403382188518213,39.33573231941353,0,0,0,1,0,0,0,18.953894686425294,38.01213073730469,1
HKH-23922,28.078,86.064,Koshi,Sun Koshi,0.009,4621,M(o),True,0.008959741371471904,4621.0,0.7881418924579017,1.604773783856554,13.179169758041182,0,0,0,0,0,1,0,23.693425742355338,48.30387878417969,1
HKH-23930,27.782,86.39,Koshi,Tama Koshi,0.028,4747,M(o),False,0.027615167032973367,4747.0,1.9736034904954123,0.44697517809031906,7.378693752160125,0,0,0,0,0,1,0,16.095293334440257,46.333117356810234,0
HKH-23940,27.891,86.465,Koshi,Tama Koshi,0.032,4696,M(o),True,0.03149866705937099,4696.0,0.28040346193650123,13.363339029588333,59.404410271612505,0,0,0,0,0,1,0,17.875465931788312,51.40678787231445,1
HKH-23941,27.932,86.422,Koshi,Tama Koshi,0.036,4979,M(o),True,0.035367143837291316,4979.0,1.106827063352062,2.8941870605922144,58.39404859878299,0,0,0,0,0,1,0,13.327591469768196,44.02005386352539,1
HKH-23995,27.803,86.985,Koshi,Dudh Koshi,0.011,5588,M(o),False,0.010939940038334364,5588.0,0.336098927701753,2.8713807449072024,59.74038274010477,0,0,0,0,0,1,0,7.176812245933964,23.726131439208984,0
HKH-24011,27.626,86.863,Koshi,Dudh Koshi,0.012,4862,E(o),False,0.011928570865273802,4862.0,0.9166255410478554,0.10018384521221174,10.25204320106424,0,1,0,0,0,0,0,22.394879497106665,56.17110061645508,0
HKH-24026,27.804,87.131,Koshi,Arun,0.008,4618,M(e),True,0.007968169649176874,4618.0,0.0,1.939364130140095,75.63910918260478,0,0,0,1,0,0,0,16.807174650134705,59.95890426635742,1
HKH-24028,27.812,87.138,Koshi,Arun,0.036,4776,M(o),True,0.035367143837291316,4776.0,0.37070868160793413,0.9157189957653116,50.993477386290294,0,0,0,0,0,1,0,15.131319233206684,56.20876693725586,1
HKH-24034,27.991,87.282,Koshi,Arun,0.012,4846,E(o),False,0.011928570865273802,4846.0,4.032949244906125,0.6493651545926079,0.6493651545926079,0,1,0,0,0,0,0,17.91493529755889,56.49460983276367,0
HKH-24038,27.849,87.831,Koshi,Tamor,0.334,4437,O,False,0.288181947493432,4437.0,1.5513227430669454,0.16147317043800008,12.797372584429908,0,0,0,0,0,0,1,5.851723619884586,40.84697341918945,0
HKH-24066,27.957,87.735,Koshi,Arun,0.006,5180,E(o),False,0.005982071677547464,5180.0,2.558949891779045,0.010168313223824402,12.371699101730766,0,1,0,0,0,0,0,23.988301597999467,43.227638244628906,0
HKH-24087,28.17,86.18,Koshi,Tama Koshi,0.008,5387,M(o),True,0.007968169649176874,5387.0,0.3946881075457749,0.11283719403118764,1.962360864160916,0,0,0,0,0,1,0,23.057795455531735,70.12730407714844,1
HKH-24106,28.201,86.22,Koshi,Tama Koshi,0.006,5487,M(o),False,0.005982071677547464,5487.0,0.34390484217955863,0.3118623935979633,25.712888872913776,0,0,0,0,0,1,0,20.825777519650217,49.86290740966797,0
HKH-24128,27.705,87.895,Koshi,Tamor,0.008,4631,M(o),True,0.007968169649176874,4631.0,0.7198840380384077,1.7895380019905327,13.676863532818803,0,0,0,0,0,1,0,19.43962828564563,37.67517852783203,1
HKH-24135,27.679,87.713,Koshi,Tamor,0.038,4908,E(c),False,0.037295784743696894,4908.0,7.589454155968943,0.0855514238155521,0.0,1,0,0,0,0,0,0,27.133391138055288,66.34307861328125,0
HKH-24248,28.213,86.625,Koshi,Arun,0.011,5542,M(o),False,0.010939940038334364,5542.0,2.0192457086491813,5.82667406329952,41.644844872647774,0,0,0,0,0,1,0,7.9400968894787995,27.028745651245117,0
HKH-24396,28.215,86.583,Koshi,Arun,0.004,5104,M(o),False,0.003992021269537453,5104.0,2.6926482323844056,4.095286713907606,72.39402319970722,0,0,0,0,0,1,0,7.870680150347029,25.801509857177734,0
HKH-24406,27.902,86.913,Koshi,Dudh Koshi,0.004,5014,M(o),True,0.003992021269537453,5014.0,0.7772604491891971,6.824931283159961,42.799839606638294,0,0,0,0,0,1,0,6.345493768606061,18.800439834594727,1
HKH-24410,27.907,86.894,Koshi,Dudh Koshi,0.004,4977,I(s),True,0.003992021269537453,4977.0,0.0,6.824931283159961,46.27003246865682,0,0,1,0,0,0,0,6.5458353342565,19.451820373535156,1
HKH-24416,27.932,86.928,Koshi,Dudh Koshi,0.004,5202,I(s),False,0.003992021269537453,5202.0,0.0,6.824931283159961,136.48560398801294,0,0,1,0,0,0,0,10.546111543155542,49.64286422729492,0
HKH-24419,27.986,86.814,Koshi,Dudh Koshi,0.006,5204,I(s),True,0.005982071677547464,5204.0,0.0,12.450873145795457,149.2681872191441,0,0,1,0,0,0,0,8.800460639441967,19.232954025268555,1
HKH-24433,28.066,86.585,Koshi,Dudh Koshi,0.012,5286,I(s),False,0.011928570865273802,5286.0,0.0,27.714792715425386,110.05852722816006,0,0,1,0,0,0,0,9.500691743496404,26.981971740722656,0
HKH-24450,27.898,87.51,Koshi,Arun,0.006,4606,E(o),False,0.005982071677547464,4606.0,2.8352557488636574,0.06770075367524339,1.0425126367408968,0,1,0,0,0,0,0,22.696006403957497,58.6966552734375,0
HKH-24473,28.778,87.455,Koshi,Arun,0.008,5695,E(o),False,0.007968169649176874,5695.0,5.785443141090555,0.023095951003239225,0.0,0,1,0,0,0,0,0,15.255769635211914,40.01639175415039,0
HKH-24515,27.938,86.713,Koshi,Dudh Koshi,0.015,4707,I(s),False,0.014888612493750654,4707.0,0.0,81.97877855258376,85.56454653995394,0,0,1,0,0,0,0,4.677801038212095,16.24587631225586,0
HKH-24527,28.019,86.7,Koshi,Dudh Koshi,0.005,4980,I(s),False,0.004987541511039074,4980.0,0.0,81.97877855258376,98.5654227534676,0,0,1,0,0,0,0,6.208124528537553,16.9343318939209,0
HKH-24547,27.775,86.799,Koshi,Dudh Koshi,0.007,4755,I(s),False,0.006975613736425242,4755.0,0.0,2.756685024010735,12.919860752574925,0,0,1,0,0,0,0,23.212443344519205,65.88692474365234,0
HKH-24649,31.039,79.237,Upper Ganga,Bhagirathi,0.007,5415,M(o),False,0.006975613736425242,5415.0,0.9322236584254188,6.859332852878698,45.97263291314669,0,0,0,0,0,1,0,20.57019597438808,55.190399169921875,0
HKH-24667,29.982,81.107,Karnali,West Seti,0.007,5047,M(e),False,0.006975613736425242,5047.0,0.5996780310454571,0.41312946897116387,42.97249179183862,0,0,0,1,0,0,0,22.25579709913001,51.6569709777832,0
HKH-24684,30.029,81.295,Karnali,West Seti,0.005,5164,M(o),True,0.004987541511039074,5164.0,0.9696554772586139,0.07386370330703201,1.9503281053800436,0,0,0,0,0,1,0,23.1923295753119,64.28507232666016,1
HKH-24696,30.27,81.48,Karnali,Humla,0.004,5265,E(o),True,0.003992021269537453,5265.0,0.18432745197776085,2.2535560872825715,10.977331770700557,0,1,0,0,0,0,0,17.673892986834026,71.33727264404297,1
HKH-24720,30.352,81.896,Karnali,Humla,0.007,5706,M(o),False,0.006975613736425242,5706.0,0.01402689918590819,0.11364876270726153,7.611957315095608,0,0,0,0,0,1,0,20.629676893494526,43.663021087646484,0
HKH-24749,29.812,82.637,Karnali,Mugu,0.007,5029,I(s),False,0.006975613736425242,5029.0,1.8814247580472911,21.83448331835726,29.718412665993625,0,0,1,0,0,0,0,8.51822597418984,27.79450035095215,0
HKH-24777,28.802,83.121,Karnali,Bheri,0.014,4898,M(o),True,0.013902905168991422,4898.0,0.4253508281661272,4.925954937693116,23.54020283638126,0,0,0,0,0,1,0,18.038261895566325,66.35053253173828,1
HKH-24823,29.437,82.386,Karnali,Tila,0.015,4820,E(c),False,0.014888612493750654,4820.0,1.4874177173183134,0.10184260866974254,0.10184260866974254,1,0,0,0,0,0,0,20.21648600175127,59.3221549987793,0
HKH-24852,29.3,83.863,Gandaki,KaliGandaki,0.012,5906,M(e),True,0.011928570865273802,5906.0,1.1790481600099767,0.6146446688851905,2.5399948074257286,0,0,0,1,0,0,0,17.574138021521957,42.73312759399414,1
HKH-24877,30.584,79.7,Upper Ganga,Alaknanda,0.01,4394,E(o),False,0.009950330853168083,4394.0,1.2656558198324663,0.1264983343688977,5.995556352363551,0,1,0,0,0,0,0,26.824761477387707,60.11361312866211,0
HKH-24979,30.888,78.834,Upper Ganga,Bhagirathi,0.01,4767,M(e),False,0.009950330853168083,4767.0,0.16052558462038768,0.8204060348758596,103.0740166295614,0,0,0,1,0,0,0,16.112231023381085,49.5323600769043,0
HKH-25000,30.03,81.171,Karnali,Humla,0.004,4732,I(s),False,0.003992021269537453,4732.0,0.0,17.011827877504242,42.72985705704776,0,0,1,0,0,0,0,8.177203645963976,26.655170440673828,0
HKH-25037,30.813,79.142,Upper Ganga,Bhagirathi,0.007,4770,I(s),False,0.006975613736425242,4770.0,0.0,126.26692254692308,194.86955530765385,0,0,1,0,0,0,0,11.823938502090705,35.9425163269043,0
HKH-25078,27.834,88.04,Koshi,Tamor,0.006,5096,I(s),True,0.005982071677547464,5096.0,0.0,5.22430603773388,101.22772046377628,0,0,1,0,0,0,0,10.630133964514249,34.64738845825195,1
HKH-25083,27.593,88.026,Koshi,Tamor,0.006,4482,M(l),True,0.005982071677547464,4482.0,0.2750902230160534,34.528228324756576,55.17089030115796,0,0,0,0,1,0,0,9.256148788466987,29.201557159423828,1
HKH-25108,27.826,87.799,Koshi,Tamor,0.036,5123,M(e),False,0.035367143837291316,5123.0,0.5127147394962429,0.07313826379643014,30.88476239470739,0,0,0,1,0,0,0,24.070903025213923,64.89131927490234,0
HKH-25112,27.994,88.323,Koshi,Arun,0.007,5245,M(o),False,0.006975613736425242,5245.0,0.2406540522096094,1.8728820450294061,21.159301506894643,0,0,0,0,0,1,0,18.752471569855366,38.98094177246094,0
HKH-25160,27.737,86.872,Koshi,Dudh Koshi,0.006,4728,M(o),True,0.005982071677547464,4728.0,0.7783858037550718,0.720139394306216,33.09131600635015,0,0,0,0,0,1,0,18.09757209689157,40.07907485961914,1
HKH-25219,27.669,86.606,Koshi,Dudh Koshi,0.006,4268,E(o),False,0.005982071677547464,4268.0,3.8826836608027997,0.5710949196382543,1.224043784068403,0,1,0,0,0,0,0,22.485111400462735,46.83287811279297,0
HKH-25278,28.519,85.541,Gandaki,Trishuli,0.015,4970,M(l),False,0.014888612493750654,4970.0,0.0,40.6506311279799,110.33210964848602,0,0,0,0,1,0,0,25.915471801736636,54.98776626586914,0
HKH-25290,28.707,85.394,Gandaki,Trishuli,0.013,5186,M(o),False,0.012916225266546328,5186.0,0.6043784903980378,1.2570886154941767,19.089547894906758,0,0,0,0,0,1,0,17.162886453840272,44.646331787109375,0
HKH-25296,28.344,85.849,Koshi,Sun Koshi,0.008,5271,M(o),False,0.007968169649176874,5271.0,0.7904831686855659,0.3328242535806379,49.4514783171618,0,0,0,0,0,1,0,14.178195629143747,37.52786636352539,0
HKH-25396,29.24,83.795,Gandaki,KaliGandaki,0.012,5733,E(o),False,0.011928570865273802,5733.0,1.1595171938841724,0.09429634992868066,6.424383075726616,0,1,0,0,0,0,0,21.111961279774977,53.12742233276367,0
HKH-25427,29.635,82.801,Karnali,Mugu,0.008,5443,E(o),True,0.007968169649176874,5443.0,0.3651943556539273,0.1340512146684734,3.009046074007485,0,1,0,0,0,0,0,29.604964590095886,63.652366638183594,1
HKH-25464,28.004,87.249,Koshi,Arun,0.013,4698,M(o),False,0.012916225266546328,4698.0,2.5666890897357724,0.38355149179938974,1.6022035549789853,0,0,0,0,0,1,0,24.19835316841687,57.297428131103516,0
HKH-25487,27.754,86.944,Koshi,Dudh Koshi,0.005,4931,M(o),True,0.004987541511039074,4931.0,1.9343114071123044,0.30471463372294455,29.61390628395433,0,0,0,0,0,1,0,18.932986923840232,39.59482192993164,1
HKH-25488,27.834,86.872,Koshi,Dudh Koshi,0.004,5261,M(o),False,0.003992021269537453,5261.0,0.4275662990760206,0.7230133656021123,27.037476733028203,0,0,0,0,0,1,0,17.113351089956954,40.974876403808594,0
HKH-25496,28.181,86.53,Koshi,Tama Koshi,0.004,5161,M(o),False,0.003992021269537453,5161.0,0.31275909972234195,0.26508512050439065,19.198468042381727,0,0,0,0,0,1,0,22.264161225357807,43.99488830566406,0
HKH-25510,28.264,86.239,Koshi,Tama Koshi,0.008,5474,M(o),False,0.007968169649176874,5474.0,0.37528189076847246,18.431476435441713,101.4805679485103,0,0,0,0,0,1,0,29.122745414992625,60.4821891784668,0
HKH-25537,27.747,87.755,Koshi,Tamor,0.004,4702,E(o),False,0.003992021269537453,4702.0,3.6561624262159036,0.06723953473788793,7.691255143414052,0,1,0,0,0,0,0,25.909916471093872,49.56250762939453,0
HKH-25605,27.845,87.082,Koshi,Arun,0.361,4830,M(e),True,0.30821972366932904,4830.0,0.48627146923424086,30.66890958047123,151.53738544591567,0,0,0,1,0,0,0,14.018871690436763,54.31114196777344,1
